頁數,標題,連結,內文
1,【閒聊集中串】廢文/聊天/曬卡/吵架/八卦/其他,https://forum.gamer.com.tw/C.php?bsn=36730&snA=7202&tnum=40687,"內容不限 以輕鬆、不影響他人為主盡量跟原神相關圖片記得別18+ 不然我會存起來再幫你刪掉其他隨意 我視情況刪文問問題可以到這裡>>原神Q&A討論串<<未實裝爆料消息可以到這裡>>內鬼資訊閒聊區<<170114

HOT不能18+  是不是可以發18歲以下的

HOT可以先私給我再刪掉

HOThttps://im.bahamut.com.tw/chatimg%2F18839ebf2b107ae5e2ea4fcc75a7a501.gif

四執政好難畫...救命...

卡個，先把莫娜放這裡，結束這回合(https://bbs.mihoyo.com/ys/article/2706249)(https://www.pixiv.net/artworks/85724991)生活不易，莫娜嘆氣(https://bbs.mihoyo.com/ys/article/2718754)6511

[q000100:HJ悠良] 莫娜無處不在

莫娜很可愛 但是先達咩

我就曬3946

ccccccccc

CCCCCCCCCCCCC

曬都曬2026

玩捉迷藏吧36-

HOT圖片轉載儘量註明出處 感謝配合

HOT[cat2602063:棕熊] 其實是你快要跳起來了需要網址

棕熊的桌子在跳動

旁邊的兩個套套是什麼意思

https://twitter.com/ttosom58/status/1325395756094681089https://www.pixiv.net/artworks/8556019851-

valo yo

後面二張好可愛<3

可愛https://i2.bahamut.com.tw/editor/emotion/7.gif"
1,【千星奇域集中串】閒聊/廢文/攻略/徵友/情報/教學/其他,https://forum.gamer.com.tw/C.php?bsn=36730&snA=44312&tnum=182,"雖然主板已經有一個閒聊集中串了，但感覺千星奇域像是一個獨立的系統，所以就先建一棟大樓起來放。--------------------------------------------------------------本串只要有關千星奇域的都可以聊，但還是請遵守站規和版規啦~~~--------------------------------------------------------------~~~恭喜一下！千星有子板塊了~~~--------------------------------------------------------------12-

【索引樓】遊戲名稱作者伺服器GUID簡介蒙德阿瓦隆TeaIceCream(作者在本層11樓)亞服7726530528改編桌遊阿瓦隆躲避攻擊sh933216oe(作者在本層34樓)亞服7766427803-丘丘王食鬼veemon(作者在本層36樓)台港澳服7820146701Pac-man遊戲丘丘王食鬼2︰四方丘城veemon(作者在本層92樓)台港澳服12115113997第1視角玩Pac-man遊戲山霧未散（Misty Moutains）BlueVoid蓝须(作者為B站原壺UP主)亞服：13029122332台港澳服：16414700771歐服：16289367302美服：16193286416中式微恐怖單人密室解謎鹿氏生平（Biography of Lu）BlueVoid蓝须(作者為B站原壺UP主)亞服：4439187740台港澳服：7824766179歐服：11994400006美服：7603351824-原神倖存者極簡DEMOblacklollll(作者在本層60樓)亞服7754126610肉鴿遊戲，時長約2min新手上路waynesxc(作者在本層78樓)亞服7716489774吃四個金幣即可過關新建關卡qw12366(作者在本層86樓)亞服：7717453024台港澳服：12012420320自製的吃金幣打排球!ryan1992(作者在本層108樓)亞服：24895117449台港澳服：78176991351v1橫向物理排球對戰原則怪談：丘丘人異象sh933216oe(作者在本層118樓)亞服：12061395099台港澳服：7818294279歐服：7700493695美服：7604191605靈感來自8號出口，並額外增加了一些規則判讀。躲貓貓修機器knee983作者在本層122樓)亞服12098507761風行迷踪復刻元素戰爭:堅守陣線spadl(作者在本層125樓)亞服12048074633第三人稱射擊塔防迷霧遊蹤qq554798453(作者在另外一串)亞服：8735486650台港澳服：24995123268台港澳服：20700155972大逃殺類(縮圈)方塊戰爭qq554798453(作者在另外一串)亞服：4440519354台港澳服：29290090564第三人稱射擊為主導的PvP提瓦特大富翁spadl(作者在本層151樓)亞服16343041929大富翁遊戲【快速升級至10級~ 方法介紹】作者說明連結簡要說明simon512087本層31樓1. 前往人氣奇域，點擊全部奇域→ 2.點擊篩選→ 3.找到時長，點擊""少於2分鐘""後按確定【素材分享】簡介作者分享連結以選項卡開關的門knight45862(作者在本層71樓)gil檔案 (Google Drive)9-

剛玩完【山霧未散】，非常推薦。原神本身就是偏可愛的美術風格+開放的素材有限，作者在這些限制下還是營造出一種陰森恐怖的氛圍，通關方式甚至不只一種，還有隱藏結局，只能說太猛了

【千星奇域欧服大佬已经拼出设计动作了！-哔哩哔哩】 https://b23.tv/fbseZm1 歐服

鹿氏生平很好玩

https://truth.bahamut.com.tw/s01/202511/forum/36730/5666585da27b735251a38fc7e1b246af.JPG?w=300 日向家親傳

為啥在原神也能玩到無限暖暖卡一層樓有沒有上好美盤已經抽衣服了？掉率如何？一套要多少啊3-

https://truth.bahamut.com.tw/s01/202511/forum/36730/05eb19aabe139cb01e2646578f9fabbc.JPG?w=300

40抽1套 :D

伺服器的地圖是不是不互通啊 亞服地圖有夠少沒幾個能玩的2-

HOT好像沒有互通 港澳台服跟孤兒一樣

#B1:3847955# 台港澳+1，希望之後大佬的作品有機會移植到各服

台服孤兒+1 人有夠少

#B1:3847955# 台港澳再+1,我製作的遊戲好幾天了都沒什麼人玩🥹🥹

覺得要有個懲罰機制，多人組隊特別是競技的，中途惡意斷線，不動10秒之類的1-

可是我真的玩到很無力

遊戲都好長時間玩不會嗚嗚嗚

有段位分數，輸了或無完成退出會扣分。有人組隊霸凌，也有房間無法完成操作被迫退出也扣分(PS5一堆遊戲無法按R2)。

選2分鐘以下吧

好無聊的系統....我是來玩原神大世界不是來玩大世界裡面的小世界...還好不是強制的，捏完人全部界面點一輪就退出了，還找不到要怎麼返回原本的原神世界13-

大廳右上可以返回提瓦特！

#B3:3864008# 等級是跟著旅行者的 代表你旅行者沒拉等級

#B6:3864086# 要玩遊戲升奇遇等級才能突破大世界奇偶

#B6:3864086# 我旅行者都拉滿等了 她限制是千星奇域等級好嗎= =

請問下最上方那個要怎麼解啊？一定要邀請到一個新的才行？之前綁的是分身，有確實登入而且進網頁了還是沒解成功。0-

我是有成功 分身登入遊戲並在網頁內領取獎勵

#B2:3864965# 感謝情報，只是我嘗試了還是沒有，不曉得是不是分身要把該做的任務做完?

我在猜484要綁定的回歸玩家/新手玩家登入遊戲才能觸發成功?

#B4:3864984# 有喔  我有用分身登入遊戲也開了網頁領獎勵"
1,【攻略】淺顯易懂的月神-哥倫比婭、圖文解說、配隊、武器、聖遺物推薦、0→6命的講解、七種特效、傷害演示。,https://forum.gamer.com.tw/C.php?bsn=36730&snA=44817&tnum=2,"✨各位好，我是夢幻光o！✨最近我製作了一期月神-哥倫比婭的攻略影片，並整理了一些實測圖與分析心得，在這裡分享給大家作為參考！🎯希望能幫助到有興趣的玩家!首先普通的重擊 長這樣:而如果持有【草露】，則會打出不消耗體力的特殊重擊:可造成三段範圍草傷(無元素附著)，該傷害視為月綻放反應傷害。接著元素戰技，展開隨身的大水環 (不會像芭芭拉那樣內鬼)，會持續對周圍敵人造成水傷，可掛後台，25秒鐘。而如果是月兆·滿輝，那水環的範圍也會加大，對比圖如下:而水環存在期間，只要隊伍觸發月曜反應or造成月曜反應傷害，就會給水環疊層!可以從背後的月環看到疊層進度:而這期間，哪種月曜反應最多，等疊滿層時，就會觸發""引力干涉""，消耗所有層數，打出對應的月反應直傷的協同攻擊出來!再配合天賦一，則還可給少女+暴擊率! 至多可+15%接著大招:展開月之領域，給領域內的月曜反應增傷!天賦等級十為例，就是提升40%而再搭配天賦二效果:月感電: 雷暴雲有33%機率進行額外攻擊。月綻放: 觸發月綻放，提供特殊草露，18秒內至多給三枚。月結晶: 月籠有33%機率進行額外攻擊。那天賦三，就是基於少女自身生命給三種月曜反應提升基礎傷害，至多7%，35000生命吃滿最後生活天賦，在挪德卡萊死亡會立即復甦以及與菈烏瑪同款的，對挪德卡萊的動物有特殊親和力至於隊伍方面，可以參考:也有拿0+0少女，與滿命愛諾做對比，拿N5的火刀為例，測了十多場，基本上都差了17-20秒:(要看實戰的話，可以點影片)接著配裝，首先武器，直接上圖:首選專武，有傷害又有回能。其次平民推薦大月卡法器，以及鍛造武器視作金珀，能回能又能回全隊18%血量，屬實性價比極高!聖遺物:首選新的，曉歌套，次選千岩、紡月。如果當主c，則是穹境套。主詞條方面:充能沙漏(充能循環夠則選生命沙漏)生命杯(絕對不是水傷杯)雙暴頭or生命頭。充能 至少200~240之間。 (月綻放比較需要每輪都要開大，其餘則也可以二輪一大)天賦加點，主e副q，如果是當主c，則普攻也要點。接著命座環節:釋放戰技立即觸發""引力干涉""，滿輝效果則強化干涉:月感電回6能、月綻放給抗打斷、月結晶給護盾。此外，月曜傷害擢升1.5%一命特效:月綻放的抗打斷測試:原本小寶的大風車，一下都不能扛，但有一命後可以扛三下!月結晶則是直接開盾:而一命的傷害提升如下:還有月感電與月綻放的實戰傷害也有測:二命:少女戰技的""引力干涉""，從6秒一次縮短到4.5秒一次!聯動一命效果，就是可以給月感電更快的回能、月結晶更快的產新護盾。而月兆滿輝的話，則會依據少女自身的生命值數值，進一步拐前台角色!月感電=攻擊力月綻放=精通月結晶=防禦力此外，隊伍所造成的月曜傷害擢升7%二命特效:正面也能看到:傷害:而此時我也好奇，雙暴和生命頭差多少?除了月綻放的干涉傷害掉比較多，其餘都是生命頭略勝。但也不會差太多，所以各位還是看磁條哪個好選哪個吧三命 戰技+3以及隊伍月曜傷害擢升1.5%特效:傷害:四命:是個回能以及加強干涉傷害的命座特效:月亮從內環到外環去了傷害:接著五命:大招+3、隊伍的月曜傷害擢升1.5%特效:傷害:滿命:在大招的月之領域當中，觸發月曜反應的八秒內，依據參予反應的元素類型，給隊伍中該類型的所有角色所造成的元素傷害，暴傷提升80%。此外，隊伍造成的月曜反應傷害擢升7%特效:傷害:以及雙暴頭還是生命頭? 我也有再測了一遍:乃至也試著換了生命沙漏，並把隊友拉到滿命，結果還是一樣...這些數字都是實打實測出來的，每個命座都不斷換隊、一個一個打出來截圖，反覆測了很多次，最後再整理成現在看到的數據，真的花了不少時間。如果覺得有幫助，歡迎幫忙點個讚支持一下，感謝大家！最後她的滿命實戰，各位有興趣可以直接去看影片!那麼，以上就是本篇所帶來的 月神-哥倫比婭的攻略分享了！不知道大家是否喜歡這種直觀的圖文講解呢？📝如果有任何想法或建議，歡迎在底下留言告訴我喔！你的支持對我來說非常重要!如果有其他問題，或深淵需要代打幫助，也歡迎來我直播上找我~那我是夢幻光ｏ，感謝大家的收看！夢幻光osw798kml1447 ‧專業達人追蹤近期沒有發表任何文章108-0

#B30:3966777# 高情商：0命完全體 （？

命座真的是抽不太下去 摳摳搜搜的不想慣著策劃了😂😂😂

用生命頭暴率太難了吧

#B34:3966856# 天賦+15暴率，其實比想像中簡單點，看用啥武器吧，如果是月卡武器就挺簡單的

#B25:3966688# 看隊伍的元素量，如果三個都各一個，那就會優先雷

辛苦了！0-"
1,【心得】挪德卡萊 303個寶箱 | 112個月神瞳 | 12個玉帛 | 9個恆月印磐 | 執燈人遺物| 懸賞證物 | 蛋捲螺栓 全蒐集路線,https://forum.gamer.com.tw/C.php?bsn=36730&snA=43975&tnum=1,"哈摟大家好我是牧書亞今天要給大家帶來原神挪德卡萊303個寶箱112個神瞳12個玉帛9個恆月印磐執燈人遺物 (未吹響的號角/不死者的哀鈴/被浸染的纓盔)懸賞證物 (詐欺師的紅綢/ 泥染的刀鐔/淑女的胸針)蛋捲螺栓3個存有數據的卡帶的蒐集路線🌱前言在跟跑之前建議優先完成以下7個開圖任務是嚴謹派還是悟性派?月之東,日之西(上) | 告密的心 | 浪底的低語月之東,日之西(下) | 鞋匠的孩子總是光腳空寂的色彩 | 舊世界的藍調 | 赤色滌淨 | 空域之外的色彩轉行總是令人焦慮飛向天空的約定月諭的半步舞 | 居於門戶之石 | 鏡子、迷宮與國王 | 蜃樓之獲 | 為一座綠色的島嶼 |  事猶未了尤其是第四和第六個任務會影響自身月之力的賦能另外完成後我們會分別在第二第三第五項開圖主線中強制獲得1個神瞳以及2個寶箱因此標點圖會做出對應的改變影片中也有針對每一個點位來標記時間軸方便大家蒐集接著讓我們開始吧【注意】因為笨蛋主bo把216寶箱解鎖了所以到216寶箱之前 寶箱成就都會比各位多一個🌱①那夏鎮+叮鈴哐啷蛋捲工廠🌱②霜月之坊+沐光之臺+銀月之庭🌱③苔骨荒原+星砂灘藍珀湖+刻拉蒂之眼🌱④空寂走廊+月矩力試驗設計局🌱⑤月矩力試驗設計局+要事優先+廚師的訴說🌱標點圖🌱那夏鎮🌱叮鈴哐啷蛋捲工廠🌱霜月之坊🌱沐光之臺🌱銀月之庭🌱苔骨荒原🌱星砂灘🌱藍珀湖🌱刻拉蒂之眼🌱空寂走廊🌱月矩力試驗設計局🌱地靈龕🌱印磐🌱廚師的訴說以上就是挪德卡萊303個寶箱112個神瞳12個玉帛9個印磐執燈人遺物懸賞證物蛋捲螺栓的蒐集路線希望有幫助到大家~我是牧書亞感謝收看~~38-

是不是有一些寶箱不計入成就

#B1:3853363# 是滴～

請問有納塔的全蒐集嗎"
1,【討論】6.2/月之三 劇情討論串--------------------------------(注目線提醒),https://forum.gamer.com.tw/C.php?bsn=36730&snA=44562&tnum=85,"RT往下蓋樓即可!謝謝配合!10-

HOT上版本還在嘲笑雷利爾的我，馬上就被迴旋鏢擊中了

HOThttps://truth.bahamut.com.tw/s01/202512/forum/36730/1810571a8be952dddf20da0ec4e3d2d9.JPG?w=300 少女：豪大...

HOT博士也捨不得少女離開提瓦特，所以他出手了(完全不對

小遊戲超燥劇情跳出要重看沒有跳過硬控一堆時間，明明劇情不錯體感卻超差

唯一敗筆搞女女,好想跳掉.....,少女劇情真是無聊

還沒過主線 別人傳的圖21-

她那份我吃超大一口，她說：雖然被拿走的比較多，但是其他地方好像被填滿了https://i2.bahamut.com.tw/editor/emotion/5.gif

雖然必須等下班才能回家碰PS5，但個人完全不怕劇透，還是在休息時間看了一些直播切片話說，這神秘的須彌學者對多托雷好了解，明明自稱只是看過教令院當事人過往的輟學資料，卻好像真的認識對方一樣，怎麼回事呢好難猜啊（？）為了避免更糟的事態發生，教令院的確是該有人秘密調查這些事，至於什麼事態……看過冬夜愚戲PV的都懂Orz兩魔女都很漂亮，艾莉絲臉型跟五官也很正常，所以我說前瞻PV發生了什麼事0-

未入池之前都可以繼續修模，比如SKK

入池之後也可以繼續修模，比如蘿莎莉亞

剛剛總算是過完第五幕，感覺比之前算是短一點了這次看著少女慢慢消失，在我們身邊飄浮卻完全無法感受到她的存在（人鬼情未了？），真的好難受啊！！！還好兩位魔女登場增加了不少笑點舒緩氣氛，艾莉絲是自賣自誇，妮可是反差萌話撈過完第6幕了，該死的博士啊！你就不能給大家一個Happy End嗎！好不容易幫少女找到屬於自己的名字，大家開開心心過聖誕節開派對，就在最後離別的時候！不過這次能看到少女和木偶的百合（還有水仙書的彩蛋）、木偶僕人的貓耳裝、玩月靈貼紙遊戲、看到4.8的紙偶生物、魔女會系列的小遊戲等等，我也是心滿意足了接下來在月之影裡，大概會再一次看到獵月人吧好了我現在只想趕快到6.3，博士趕快給我進周本亮血條！最近看到一個好笑的多托雷 ~ 人家為你帶來毀滅了哦 ~ ♫說起來，最初見到你的時候，我甚至還只是一個稻妻小人偶呢，為了這次毀滅，我可是專門梳妝打扮過，再換了一身帥氣的新形態，怎麼樣，是不是很迷人？果然，不論是第六席的散兵，還是氣場全開的正機之神，或者現在久世浮傾的流浪者，人家的魅力都始終如一呀 ~11-

HOThttps://truth.bahamut.com.tw/s01/202512/forum/36730/e6bdc541293124bdc5e8b9850d00c09c.JPG?w=300 質疑，理解，成為...

為什麼會難受，她一定會入池，老米一定會讓她重返堤瓦特，她一定會撈一波

難受什麼....博士拿了三月的力量.那必然跟少女一樣被提瓦特排斥啊...也就是說博士得解決這個排斥問題=少女未來能留在提瓦特...

#B3:3954869# 成為迴力鏢麻....哭阿

上版本還在笑獵月人....這版本笑不出來了 多托雷 阿阿阿阿阿阿阿阿~~~

提醒各位第六幕祭典時記得先去糖果攤領糖果這樣可以發糖果給所有角色，會有追加台詞和桑多涅的對話和水仙十字的完成度不同而有所變化手操少女的移動記得試先衝刺再跳起來另外日本的考據專門推主 未確定元素(@AdAstraAbyssque)的一些補充：調查少女真名時的文獻提到將三月打為偽神，立庫塔爾為唯一真神，爺說在納塔有看過>奧奇坎(甚至是有可能在捏奧Bili的奇坎金曲wwww)操作杜林演Re0(X 的那邊，和亥伯利亞人聊天提到的地名現淵下宮和雪山席姆蘭卡小動物出來打工以下心得博士我幹你娘愛麗絲登場竟然玩破第四面牆www妮可的表現根本是網路上的考據廚，只要開關打開來就嘴巴停不下來但平常就只是陰角，超讚大團長和老馬站在一起時兩邊奶真的都好大少女變透明時一直在旁邊飛來飛去根本鍋巴少女和傀儡的互動看的時候嘴巴一直笑，有夠甜阿帽先生的言行從嘴臭屁孩變嘴臭老頭笑死最後博士我幹你娘38-

#B4:3904339# 結果大賢者沒料 這次博士應該夠我們揍了

#B4:3904339# 無相之草：孩子們，我真的不是大賢者

還沒玩主線，我是好東西放後面吃那一派，而且先吃了要忍40天很難受XD 博士這類型的反派我很喜歡，印象中最早是日遊『女神戰記』中的反派雷札特，讓我迷上這類型的

#B11:3904666# 這種純粹的反派有廚子真的不奇怪,他們都很堅持自己的道路

現在每次都想起流浪貓的造型XD

看完也沒什麼太大感覺反正老米劇情傳統就是那樣，少女肯定能得救、博士一定會洗白只不過木偶心智年齡也未免太低.......進入6.0後每個版本都在下降我個人還是比較喜歡成熟一點的角色想讓一個角色搞笑，不是只有讓這個角色看起來表現得像小孩子這一種辦法但老米好像就只會這招175

具體怎麼說降智 我比較沒感覺，一個沉醉在柑橘味的氣氛下https://im.bahamut.com.tw/sticker/1336/04.png

看來閣下不懂百合貼貼和傲嬌的美好 ...

高見，博士洗來做什麼？而且要原本是白才有得洗。

解玩主線整個韓劇感很重...029

韓劇??? 霸道多托雷???

所以還沒回答我韓劇是怎樣的風格，我是真的好奇XD"
1,【密技】月之四版本-「如果在冬夜，一個旅人」情報整理(哥倫比婭+伊涅芙&茲白+那維萊特(葉洛亞)、旅行者&瑤瑤&龍王衣裝、送20抽、新角色預告),https://forum.gamer.com.tw/C.php?bsn=36730&snA=44731&tnum=2,"想看之前的官方直播整理的可以看這邊：二測、三測、公測、1.1、1.2、1.3、1.4、1.5、1.6、2.0、2.1、2.2、2.3、2.4、2.5、2.6、2.7、2.8、3.0、3.1、3.2、3.3、3.4、3.5、3.6、3.7、3.8、4.0、4.1、4.2、4.3、4.4、4.5、4.6、4.7、4.8、5.0、5.1、5.2、5.3、5.4、5.5、5.6、5.7、5.8、月之一、月之二、月之三官方直播連結：https://live.bilibili.com/21987615HYL也有發文，也歡迎來幫我按個讚ComeNightorDayZibai0515GallopYeah↑↑↑100+100+100原石序號，兌換時限到1/5 12:00(UTC+8)，在下面官網或遊戲內「設定」→「帳號」→「兌換碼」兌換。https://genshin.hoyoverse.com/zh-tw/gifthttps://genshin.hoyoverse.com/zh-tw/gift?code=ComeNightorDayhttps://genshin.hoyoverse.com/zh-tw/gift?code=Zibai0515https://genshin.hoyoverse.com/zh-tw/gift?code=GallopYeah影片(聽PV的BGM用~)：圖片：↑轉播+情報整理VODFB粉專YouTubeTwitchDiscord以上四個地方歡迎關注/進群喔HYL也有發文，也歡迎來幫我按個讚KerWixdavid30401 ‧專業達人追蹤【密技】月之三版本-「終北的夜行詩」直播情報整理(杜林+溫迪(雅珂達)&瓦雷莎+希諾寧、新魔神/傳說/優化、蒙德部分角色強化、一加聯動(綾華))人氣：785949-0

HOT先尖叫一下！遙遙新衣服好可愛啊啊啊啊啊啊啊啊（發出FBI的聲音

長圖整理好了，這次拖比較久orz

這次連系統優化都沒有提⋯？

#B24:3938843# 就劇情動畫可以回顧而已

原來白馬仙人不能變成馬，是我們可以變成馬🐎！3-

提瓦特這下終於有馬了"
1,【問題】探討《原神》敘事魅力：學術問卷填答 (請救救研究生><),https://forum.gamer.com.tw/C.php?bsn=36730&snA=44711&tnum=1,"各位旅行者好，我是明志科大經營管理系碩士班的學生，現正進行碩士論文研究，研究主題為：「遊戲敘事對玩家心流與自我效能之影響-以《原神》為例」為完成本研究之學術目的，誠摯邀請各位玩家協助填寫以下線上問卷。🔹 填答時間： 約 3–4 分鐘🔹 調查對象：  曾玩過《原神》的玩家🔹 填答方式： 線上填寫🎁 抽獎說明：需填寫姓名與常用信箱(僅用於研究抽獎聯繫，絕不對外提供個人資訊!)📌 獎項與公告方式：• 共 5 名幸運得主，每名可獲得100元 7-11禮卷• 待問卷截止於表單公布得獎者，並於板上公布中獎名單👉 問卷連結：https://forms.gle/Svb9qphLw57SQ6qS9本研究所蒐集之資料僅供學術研究與統計分析使用，並將嚴格遵守個資保護原則。所提供之電子郵件信箱僅用於中獎聯絡用途，絕不作其他用途。誠摯感謝您撥冗填寫本問卷，您的寶貴意見將對本研究提供極大的幫助。1-

#B1:3915612# 我有再多放其他變數的題項進去測測看結果，有些問項會類似應該是變數間有相似的地方所以部分的題目會類似

[Lynn6837:00] 您好 學術問卷發放需先跟站方進行申請喔

這邊是申請入口： https://user.gamer.com.tw/help/tellus.php?c1=4 待申請完畢後會有站務人員協助投放問卷

#B5:3915809# 好的!謝謝你!"
1,【情報】1月 幻想真境劇詩滿星 分享串123今天也偷跑發文一波，這期主要BOSS為無相鐵、火螃蟹、感電鴨、劍鬼、新火鍋 活動日期:2026/01/01 - 2026/01/31 來源 首先是這期的角色內容和限制元素、主要首領 (來自玉衡杯數據庫) 除…,https://forum.gamer.com.tw/C.php?bsn=36730&snA=44714&tnum=53,"今天也偷跑發文一波，這期主要BOSS為無相鐵、火螃蟹、感電鴨、劍鬼、新火鍋活動日期:2026/01/01 - 2026/01/31來源首先是這期的角色內容和限制元素、主要首領 (來自玉衡杯數據庫)除了王以外的小怪可自選，關卡配置和前幾期相同就不另外放上來囉特別注意是需要人數為28~32人 。因為增加月諭模式而提高門檻，本串只收錄含月諭模式的滿星的戰績文，僅通過而無滿星的戰績則不在本串分享之內。最後也順便一提二月新深淵限制火、水、岩。本期挑戰結果這期早早把機器人和愛諾給用掉，讓我打感電鴨前一度怕打不過，還好三命雷神+二命夜蘭給力。這期難點我覺得在聖牌一二，聖牌一面對空殼不能開盾，且要有爆發型角色，不然會有扣血的debuff讓全隊滅團，這裡我用火神直接把空殼搞掉。聖牌二面對新火鍋，我牛牛用火主發現掛火不夠無法快速破盾，所以就用香菱很快就打敗。這期我主要借朋友的六命瑪拉妮來打火螃蟹和尾關，上次火螃蟹讓我吃足苦頭，這次借一個爆發型角色打它開盾的空窗期，順便也把最後的劍鬼給收掉，以上為個人的心得。4-

新火怪還要先累積到50%才打得動有點麻煩…

劇詩三大屬，沒那麼舒服過

魔導超載可莉比我蒸發僕人打得快@@

差點在新火鍋翻車, 已經給火神留了個草燃燒再帶了希班, 以為很穩, 但就是斬不死. 最後是找了皇女大人來救場. 結論是, 有反應buff隨便打就行.

可説是最易打的一期

拼盡全力，艱難全女8牛6機1芙，極速下班（X3-

爺真厲害最快演出正義降臨！2-

寶寶巴士中的寶寶巴士一次過2-

最多角色的一次下期有岩屬要難受了1-

2026年第一件做的事就是4點起來在劇詩吃S第4幕一次比一次噁心其他都很簡單刻晴宵宮都能拿花1-

火水雷簡單到連PO文都懶2-

打完了 圖應該不用補了 然後這次發現 我好像少抽一張月諭牌怎麼看都少一張

雖然可以亂殺但是好用的角色後面才抽到導致有幾場打起來有一點卡1-

難得不用重製凹角色的一期花都給他買角色就對了1-

開放劇詩以來主C最多也是打最順的一次，沒看攻略也沒花太多心思省角色，順順地打完。這次提供的克姐和煙緋試用強度也不錯，可以好好運用。唯一想吐槽的是第四關守塔越來越難了。以往都可以用4隻沒練的角色拖時間，這次試了2、3次沒法過，最終還是交出機娘和班神強殺。1-

除了開頭比較想省人在鐵三角跟普通關RE了比較多次外因為人選多沒太大問題比較意外的是朋友裡沒有任何的6龍了龍...龍已經不流行了嗎1-

這期屬性正確基本上就是嘎嘎亂殺:O1-

新年快樂~2-

體感沒上期煩，偏簡單，借11龍三幕，木樁，出人別用力過猛六幕，火盾，建議二水八幕，感電鍋，後臺掛水+雷神E+孫子Q，基本秒破機制十幕，木樁，爆發建議剛後撤步後開聖一，扣血環境，水龍帶三花瓶單刷聖二，二代火鍋，香班超載亂打1-

甚至用試用角+莫娜就能過聖牌 不愧是火神大人1-

開幕火神不讓借，有陰謀！只好借頭6命牛，聖牌2和第十幕用牛也不算輕鬆，只能壓線過。1-

克洛琳德、瑪薇卡、希格雯、塔利雅是試用角色溫迪、菲林斯、杜林、雷電將軍、芙寧娜、閒雲 0命刻晴 1命莫娜 5命1-

瓦蕾莎2+1 這裡假設是借別人的伊安珊精1天空槍 班尼特精1風鷹劍莫娜2命 迪希雅3命4星只有夏沃蕾4命 其餘都是滿命其他限定5星都是0命+4星武器影片末尾有所有角色配置1-"
1,【閒聊】哥倫比婭其實是小鴿子大家期待千呼萬喚出來的少女也是來自於神話中的角色 如果單論哥倫比婭這名字是來自於義大利即興喜劇中的女僕角色，在義大利語中哥倫比婭是小鴿子的意思，所以我們可以看到…,https://forum.gamer.com.tw/C.php?bsn=36730&snA=44831&tnum=2,"大家期待千呼萬喚出來的少女也是來自於神話中的角色如果單論哥倫比婭這名字是來自於義大利即興喜劇中的女僕角色，在義大利語中哥倫比婭是小鴿子的意思，所以我們可以看到少女的頭上有著羽毛裝飾，且這位喜劇角色的定義是純真與率直乍看之下單論名字跟月神好像沒啥關聯，但哥倫比婭的神名-庫塔爾則是來自於芬蘭神話中的月亮女神Kuutar，等於這次製作組是採用小鴿子純真率直的個性加上芬蘭神話來打造少女這一個角色，個人覺得純真率直真的是很人如其名耶?1-

比較可惜的是熟識之後就沒有了當初一亮相，第三位的那種天真危險的神祕感

#B1:3899413# 以前有人依照她當初給人的感覺去做了她的週本戰鬥曲...如果她當初沒有脫離愚人眾的話我們在挪德卡萊就要打三個執行官了(木偶主線限定，她跟博士週本)https://youtu.be/HggHF1Gfxg0?t=112

當初冬夜愚戲確實愚人眾每個人讓人感覺很邪媚，但隨著僕人進場、隊長出現、與前面的女士、流浪者、博士完全不一樣，就不會往危險氣氛走去了，何況劇情都有鋪成後，很合理。

原來是庫塔爾這個文字是源自芬蘭神話，長知識了

現在用弓箭射少女會掉肉嗎?

本來一開始對哥倫比婭的印象是假的天然呆(?實際上洞悉一切的感覺結果到了挪德卡萊才知道是真的很天真無邪w0-"
1,【心得】無良的公司，不想履行回饋就給你惡意退款，沒錯~就是EPIC，大家未來謹慎使用，不希望還有其他受害者~起因是這樣的，小弟在去年六月初經朋友推薦，去看了小高的頻道，當初Google play games 的20%回饋也有跟上車，所以覺得是可行的，而且實際去了解EPIC這間公司，1991年就成立了，而且…,https://forum.gamer.com.tw/C.php?bsn=36730&snA=44830&tnum=5,"起因是這樣的，小弟在去年六月初經朋友推薦，去看了小高的頻道，當初Google play games 的20%回饋也有跟上車，所以覺得是可行的，而且實際去了解EPIC這間公司，1991年就成立了，而且原鐵絕鳴這麼多知名遊戲都可以透過他儲值，應該可信度不錯，而且說好要一起幹碎資本主義，現在反過來被另一家資本幹碎了。在2025年6/10日開始透過教學跟實際操作，完成了第一筆刷卡消費，期間都是開VPN>刷聯邦吉鶴卡>拿到回饋>完成充值。期間陸陸續續刷了接近300多筆，也都沒有任何問題，信用卡款也是按時繳納，沒有任何延繳或者拖欠，現在好了，這個平台回饋活動到2026年1/8日，他在2026年1/9日給我把前半年所有的課金全退款了，然後現在被原鐵絕鳴要催款了。然後問了客服就簡單回了一句，你的帳號交易異常，違反XX規定，叫我自己看許可協議，最後直接說了一句有任何法律疑問請聯絡他們法務，X的，你們法務在美國...要我跨海去告是嘛....況且我從6/10號到現在的所有消費都是刷信用卡，期間沒有換卡，充值也是用信用卡加值進去，你現在跟我說我帳號異常，異常什麼也說不清楚，就叫我自己去條文裡面值找，然後就給你把款項全退了，裡面至少30萬日幣的回饋直接把你扣光，直接擺爛一面之詞，就說我違反規定....別說什麼我使用黑卡，卡片我自己的，每次刷卡都有簡訊跟郵件紀錄，簡單來說這間公司就是不想履行那20%的回饋，刻意欺騙消費者，讓大家在他那邊課金充流量，以後大家還是不要相信這種第三方平台儲值了，Google play跟IOS還有遊戲內購最安全，希望有同樣的受害者能夠出來發聲，別讓這間無良公司繼續下去了~鳴潮搶先退款，我已經被資本家做局了~補款期限一個月....6370

HOT直接退坑，拿這些錢去爽就好

HOT影片就影片，視頻三小？

HOT稍早看到本來想吐槽視頻，但怕被說支語警察就沒提，現在點進來居然改了，只好給GP了XD

#B59:3908315# 應該不會入，方舟系列的畫風我還好，還是比較喜歡米家的畫風

#B27:3908205# 支語警察退散 要發瘋滾遠點

重點是。錢有沒有回到你手上0-

聯邦銀行說還沒收到消息，要1~2個禮拜

不過錢回來，帳號石頭扣這麼多，沒有回饋的情況下要課更多，帳號記得負數太久會被鎖掉

登記訊息也會入黑單

#B2:3889708# 一個月

完全沒用過,我只會用遊戲裡面的商城點一點而已.有要用VPN 或者第三方我一概不碰,沒保障的東西.0-

來猜猜 錢會不會退如果錢沒有退那是誰賺走了如果錢退了你的損失就是離開這遊戲重新出發2-

還有海外手續費1.5%都不會退，等於我損失了296筆的金額*1.5%的手續費

這畢金額總要有支付，廠商和銀行有聯繫，有問題記錄在案，什麼時候被翻舊帳可不好說。

根據Player support > Billing and Payment裡面有提到禁止使用VPN進行區域轉換根據EPICGAMESSTORE終端端使用者授權協議第10項(購買與付款)開發者亦得讓您能夠使用非由 Epic 透過標的服務提供之付款方式，購買數位物件及服務，以便在標的軟體中使用。您不得基於任何非法目的，從事該等付款或交易、或使用該等數位物件或服務。該等付款及交易作業，僅限依據您與開發者之間的開發者銷售條款或終端使用者授權協議，在您與開發者之間自行辦理。Epic 並非該等付款或交易作業之當事人。大概可以理解成你在EPIC課金同樣受到遊戲開發商的規則約束米哈遊之前就制裁過紅茶國和土耳其的VPN課金，只是我翻不到米哈遊的相關規範，你真的要追根究柢可以去問問那邊的客服簡而言之就是你自己要貪那一部分日幣課金的匯率差，你自己就要承受違反規則的後果3-

然後米哈游原神紅茶國我也有參予，後來原神只是把該地區鎖起來，大家還是繼續去沙漠國，少數民族國，刷到後面都封得差不多才是課日幣，這件事情發生也都兩三年了巴~

#B1:3941644# 看你的交易紀錄可能是課太多了，EPIC好像有金額審查，我看課台幣的課太多也會被審查...

#B2:3941645# 我那時候剛好在工作室看他們做代儲，是真的有大老闆課到被倒扣的。只能說規則在那邊，你如果犯了就要有被制裁的心理準備，沒被制裁也只能是僥倖

還有一個可能是你最近兩個月金額爆增，被銀行盯上了...

現在也不知道原因，就EPIC丟一個聲明就關掉我的客服，然後電話給你留美國的，求助無門。"
1,【情報】新區域情報•其一｜去吧！神奇生物！使用月矩力對抗深淵！挪德卡萊北端，深淵狂獵壓境的最前線。神柱的輝光已然喚醒大地本身的意志——草木皆兵，萬物為戰，這是它們為守護家園發出的怒吼… 一起來感受自然與深淵的對抗吧！ 來自原…,https://forum.gamer.com.tw/C.php?bsn=36730&snA=44832&tnum=1,"挪德卡萊北端，深淵狂獵壓境的最前線。神柱的輝光已然喚醒大地本身的意志——草木皆兵，萬物為戰，這是它們為守護家園發出的怒吼…一起來感受自然與深淵的對抗吧！來自原神官方3-

原來我在玩寶可夢https://i2.bahamut.com.tw/editor/emotion/7.gif

攻略索倫之眼https://im.bahamut.com.tw/sticker/733/08.png

可以拉著羊去撞裂縫嗎X"
1,【閒聊】木偶日配VA開荒原神YT首次直播,https://forum.gamer.com.tw/C.php?bsn=36730&snA=44761&tnum=12,"#B27:3907154# 對喔，沒想到幼年期w

#B27:3907154# 不是愛可菲嗎?

#B29:3907215# 記錯了 是愛可菲，變回律的聲線認知錯亂了www

今天才在Youtube上無意間看到，滿訝異的ＸＤ～

#B11:3906722# 我一直覺得這兩個聲優的聲線很像......不仔細看人名我一定會認錯......然後就是竹達的聲線我也很喜歡～

還沒開始等待人數就超過了訂閱人數6-

4k訂閱，6k+正在觀看，發生了什麼

又是被誰拉進來玩的？前野嗎？？2-

希望下期挪德卡萊放送局可以邀請本多真梨子

好像是接下來她會上場次活動？所以最好先自己玩遊戲有點了解

#B1:3886097# 已經確定囉https://i2.bahamut.com.tw/editor/emotion/12.gif https://x.com/Genshin_7/status/2003042838318370995

媽呀 訂閱從1400變成20500+版上的木偶廚說是不是你們動員了？8-

你說……什麼！？我嗎https://i2.bahamut.com.tw/editor/emotion/9.gif 真的假的？

#B1:3923477# 難道是狂獵 自動聚集

https://twitter.com/holy_yell0525/status/2007731882184851551男主日配也轉推了小趣事：稍早口誤把七神說成七福神後聊天室對七神的稱呼就回不去了然後聊天室某個天才也把深淵教團(abyss)歪成惠比壽教團(yebisu)導致情勢越來越失控※惠比壽：七福神中日本本地信仰主掌商業與漁業的神11-

看了聊天室就想說奇怪，原來七福神是這樣來的XD

原來是她啊!好懷念 大概準備上大學的時候2-

先是中配聲優在FES現場接受訪談與重現劇中經典橋段，隔天換日配聲優實況首次入坑原神，它如果不是巧合，就很可能是一種網路強心針，也就是間接告訴觀眾「木偶可能中間會有波瀾，但最後一定是安全進池的」3-

這麼高人氣、在主線登場、有配音的角色不實裝，原神肯定是不想賺錢了（望隊長

#B1:3919637# 認真說隊長的宣發力道跟木偶不在一個層次

看他爬風神像一直掉下來大叫有種木偶的遜炮感然後也覺得有玩恐怖遊戲的潛力1-

https://twitter.com/honda_mosamosa/status/2009514004952305831明天又要直播了9-

開播8分鐘 8600人

破萬 同時觀看.訂閱人數360003-"
1,【閒聊】感情好的兄妹果然是前世情人看網路分析 仔細看 裡面指出的配件 主體是一樣的,https://forum.gamer.com.tw/C.php?bsn=36730&snA=44824&tnum=2,"看網路分析仔細看 裡面指出的配件 主體是一樣的19-

什麼後宮都是假的，兄妹才是真的

https://truth.bahamut.com.tw/s01/202601/forum/36730/5a6f48a6d9918065f39ff33ebdefc91d.JPG?w=300

我們旅行者從始至終都是在找尋血親，永遠的專一，只留情債不留情種XD

※ 引述《williamchung (艾斯斐爾)》之銘言新服裝應該不能再看到熒妹這種把頭髮拱起來(因為鬥氣？XD1-"
1,"【亞服集中串】亞服副本週本互助集中串(需要幫忙的人請留下UID謝謝)1022102310242024/03/02新增 開始看到UID18XXXXX開頭的亞服帳號 留此資料提醒我自己和不知道的人^_^  材料類或釣魚需求也能在這串尋求幫助 請註記你的世界等級和遊戲暱稱,並且描述你需要的幫助 然…",https://forum.gamer.com.tw/C.php?bsn=36730&snA=24743&tnum=20464,"2024/03/02新增開始看到UID18XXXXX開頭的亞服帳號留此資料提醒我自己和不知道的人^_^-----------------------------------------材料類或釣魚需求也能在這串尋求幫助請註記你的世界等級和遊戲暱稱,並且描述你需要的幫助然後等符合世界等級的人留言或密語給你UID(世界等級低的玩家無法進入高等級的世界,只能等同等或較低世界的玩家給UID)2023/02/11新增-----------------------------------------------------------------------------------因為我沒有長時間在線的關係建議直接翻到最後一頁看有沒有人留下可以幫忙別人的樓層或是自己開一個樓層留下自己的UID等人送申請喔有滿多熱心幫助大家的人會看比較新的樓層所以不用擔心沒人幫如果隔了10分鐘剛好都沒人看到的話可以再自己樓層的留言區留一下還需要人幫忙12623

#B175:3799366# ???有點久了都過兩天,現在還需要嗎?

#B176:3799368# 下次我沒反應的時候,建議可以直接開最新的樓層,留下你的UID和需要幫忙的項目

#B176:3799368# 有滿多熱心的人會看最新的樓層

#B176:3799368# 搜尋不到對應玩家

#B175:3799366# 我繼續去忙其他的了,有需要的話在留言吧

能幫忙的時間02/22  21:30到22:30有需要的人麻煩在留言留下UID喔1-

#B9:3547786# 894731432            ?

亞洲 UID : 851631905，世界等級7 幫打遺跡巨蛇和無相之草  角色培養素材

1803048388　　　萌新求加好友有機會一起玩

UID:863006648 超級新手～

亞服 821268969 解洞天任務

能幫忙的時間02/23  21:50到22:30有需要的人麻煩在留言留下UID喔3-

UID: 807838262 世界1 Lv 22 求幫打周本 北風狼+無相風+雷

""歡迎加入DC一起討論一起玩! 我們在尋找活躍 / 熱情的玩家 [ 63的遊戲廳🎮Game Bar 63 ] https://discord.gg/YNVZxY5xvx""

亞服 821268969 解洞天任務

#B5:3760873# 星期六在自己到洞天買,預設應該是直接進

#B5:3760873# 有送好友申請你在找一下按同意

能幫忙的時間02/24  22:00到22:30有需要的人麻煩在留言留下UID喔6-

825782916

亞服 821268969 解洞天任務

每天2300~0200 需要可以敲我6-

845993834 幫刷吞星之鯨 感謝🙏

857483980 世界Lv8 加個好友

1804467703 冒險33 求幫打王

亞服 821268969 解洞天任務

能幫忙的時間02/2522:00到22:30有需要的人麻煩在留言留下UID喔3-

904633243 幫忙的時間週六週日晚上七點之後 幫我打進化素材

826545919謝謝你非常感謝

舊樓用掉了 開新的每天2300~0200 需要可以敲我4-"
1,【問題】月體系抽卡建議如題 為了等少女從新版本蹲到現在都沒抽 目前大概屯了300抽左右月體系 目前大致定檔就三個選擇 「月感電/月綻放/月結晶」 對於這三個體系選擇我個人的看法是 月感電－機制看下…,https://forum.gamer.com.tw/C.php?bsn=36730&snA=44787&tnum=20,"如題為了等少女從新版本蹲到現在都沒抽目前大概屯了300抽左右月體系目前大致定檔就三個選擇「月感電/月綻放/月結晶」對於這三個體系選擇我個人的看法是月感電－機制看下來是月體系裡最優秀的，但好像剛需菲林斯1+1才能玩得舒服，所以配對保底要五金以上的預算，對我來說成本對有點高。月綻放－數值應該是目前月體系裡最優秀的，但機制好像不如感電隊(對群差.基本綁定水草)，不過成本相較月感電低，是我比較理想的選擇。月結晶－具體數值不知道，雖然保障有挪德卡來水平，但我有岩系恐懼症(機制這塊拉完了) 而且還要求新四星滿命，這期望成本也不比上述兩個低，除非出來數值左打絲瑪右打龍僕，不然完全不考慮。論月體系個人私心是比較想抽月綻放，畢竟全女配隊而且還能上妮露(抽完後幾乎倉管)，但我擔心的點是我前面蛇鹿都沒抽，等復刻遙遙無期(納塔瑪拉妮復刻都要換版本了)，而且高機率會跟後面魔女撞場，所以現實層面來看如果我想短時間享受月體系可能抽月感電會比較實際？還是要等遙遙無期的月綻放？還是乾脆一個大跳等後面比較對XP的魔女算了總而言之，我目前對於月體系的選擇還是很猶豫，所以想聽聽大家對於目前月體系有什麼想法？ 或是對於我的想法有什麼意見或建議？歡迎指正和討論。717

HOT反了吧，低金最舒服的是月感電，金數上去月綻放更強，從哪裡看到菲需要1+1？

等之後人偶進池跟少女組隊吧

#B63:3902428# 只求破機制的話有少女就好，茲白不是不能和千織組，6命千織放後台也可以玩，但不要和別人6柴犬6探射燈的隊伍相比。

希娜少姐好像已命滿，但沒有什麼上場就是！

沒抽還能大談，去餐廳也要吃過再來說好不好吃

我燈機組合跟奈鹿組合都有抽，優缺點都體驗過，在不考慮高金數的狀況，可以分享下月感電隊伍是1+1燈和0+0機，隊友是愛諾+希諾寧，月感電是我目前最愛的隊伍，鋤大地下深淵都是常駐，主要是燈機這兩位很OP：1. 伊涅芙太誇張，集生存傷害輔助充能於一身，六邊形戰士，根本做壞了2. 菲林斯手感好啟動快，1+1充能絲滑，輸出模式優秀無敵幀多，而且還是全範圍轉火容易不丟傷害我燈是從0+0慢慢抽到1+1的，是因為00玩起來就很爽了才繼續往上抽，不然以幽境n5的難度來看00就很足夠了月綻放隊是0+1奈和0+0鹿，隊友不太固定，因為我覺得不管搭誰都有一定程度的缺點，不過月綻放最明顯的優點就是數值誇張，然後角色很香，但缺點也較多，缺抗打斷、生存、輔助，而且啟動較慢，水元素不夠還會斷檔至於月體系隊伍共通的缺點，就是怕自帶元素的怪物，這點應該不用特別比較，因為有遇到就是得換人打多舉個例子，瓦雷莎活動裡的打怪挑戰，用月感電打了五百萬分，但月綻放卻只有兩百萬，整體流暢度有差如果把月結晶和少女都先考慮進來，低金個人排名推測是這樣：傷害面(實戰上其實會很接近)月綻放>月結晶>月感電舒適度(整體手感與循環)月感電>月結晶>月綻放其實月綻放跟月結晶都是再等一個好的生存位，目前都只能靠加金數去解決，月結晶用少女二命解決，月綻放則是用少女一命+鹿一命解決，不過月感電由於有伊涅芙這個神隊友，怎麼搭都可以玩的很爽20-

[a6811392:匆匆忙忙連滾帶爬] 我目前是拿護摩，下版本會下武器池，因為兩把都有需要

只抽少女和機器人能玩嗎?

#B5:3895042# 能玩, 玩的不爽, 因為你沒有主攻手

#B5:3895042# 但是打巨史應該蠻爽的

[toybox:逆] 少女+機器人，應該只有幽境打不了，其他環境隨便帶都能輕鬆打，新的大世界最強掛機流

我跟 2/F 一樣, 同時擁有菲林斯, 伊涅芙, 奈芙爾, 菈烏瑪 4人, 全0命另外,月綻放可配的有1命妮露, 2命草神.月感電一配用行秋砂糖現在, 也是跟2/F 一樣最常用的是月感電隊伍, 這包括平常打素材.月感電隊, 手感極度舒適, 打素材機娘放E, 行秋E, 砂糖E, 不用燈出場小怪都已經抗不了.機娘的E在走路途中放, 近身就是行秋E砂糖E, 血多些的便多一個E,即使有沒死也不用理, 撿東西就是, 反正也會電死, 極方便.而且, 行秋我也懶得用紡月, 機娘也沒特別堆高精通.至於燈, 很多人說有充能問題要1+1, 根本沒這回事.那只不過是當你有1+1, 1點充能都不用就可以玩,我這個0命的, 帶了26點充能, 全員不帶西風都可以.現在2金來說, 火力的確是不及火神及SSK.但加入少女至3金後再調整聖遺物後, 應該會很不錯.月綻放, 手感極差, 別被人家說什麼草龍王給騙了. (我是被奶子騙了.)根本需要很好的技巧/排軸才可以不缺水, 又或者你帶雙水.帶心海有奶, 但畫地為牢, 帶妮露起動慢. 總之就是缺水.被打飛是少問題, 但就是不爽.如果菈烏瑪充能不好, 就是更不爽.總之就是0+0的話各式各樣不爽集一身.反正我是手殘一名, 高手用的什麼軸, 什麼取消後搖我是不會.最後我是水神+白朮感覺才比較好一點, 只是說感覺不是說DPS.DPS好不好我不知道, 我用妮露草神的話基本是暴斃收場.大世界更不好用, 要先打一連串前戲才有輸出.至於, 月結晶, 你最好先問自己有沒有五郎及是不是歐皇.4星沒保底, 要是非洲人的話, 就別去賭好了.至於DPS的問題, 可以去內鬼看, 但300抽約3金成本的話, 也大差不差的.而且, 我帶了個2命草神的月綻放體感沒比2金的月感電強.4-

#B3:3888076# 你跟我的感覺完全相同.

月感電缺點就是盾薄，大招啟動的太多，最關鍵的是減抗位還在用風套，秒數不長且後台不能觸發，有些問題加金數也解決不了

月綻放問題也很多，但加金大多能解，雖然金數多也算一個缺點，不過傷害雀食也提升不少

我是被奶子騙了

看完你的說明，本來想抽少女就好，但伊涅芙好像很百搭~果然人都是貪心的XD

6.3抽卡/月體系有疑問的看看有沒有解答?講得還不錯!https://www.bilibili.com/video/BV1MhqcBrExD/?spm_id_from=333.788.top_right_bar_window_dynamic.content.click&vd_source=49892aaa9b5a95f59b81700682794e40還沒聽完......................,就我聽到的先給懶人包!1.少女只有一種情況可以不抽!就是你打死都不碰月體系,我看月體系就是不順眼,那行!可以跳!你損失也不大!2.月感電可以不抽機娘/不抽少女,月結晶可以不抽少女,但是月綻放絕對/千萬/拜託/一定要抽拉烏瑪!這個是絕對不能省的一金!不然你得抽2+1以上的奈芙爾才能抵得過這一金............,你錢多可以這樣搞!3.月結晶只要抽少女/茲白2金立刻就可以組一隊!(前提是有抽到葉落亞...........)相當於挪德的牛牛艦隊!平民的好選擇!4.少女專武/命座優先度一定是擺最後,優先給主C/關鍵輔助命座!尤其是專武!還有西風/金箔可以替代!除非你想讓少女自己打主C!那可以抽!聽完再補!5-

#B1:3913383# 如果你連月結晶都不想抽,你有兩個選擇!1.抽00少跑路!2.抽2+1少+20鹿,讓少女打主C!https://im.bahamut.com.tw/sticker/1368/06.png

目前挪只抽了00鹿，下版本預計抽6少也蠻猶豫要補哪些隊友…看不少人推茲白但我有6千了感覺定位有點重複，雷隊也有21牛能打，是不是鹿抽高搭2妮2草即可？

#B3:3913603# 抽6少不打主C蠻可惜的,打主C就推薦2鹿,茲白不要把它當岩來看!因為只要巨屎沒水他DPS就會大減!月體系們的宿命!

#B3:3913603# 我個人是覺得6鹿真的強,前可自己主C,退可當輔助

#B4:3913610# 感謝，那我少女抽完後應該先補2鹿就停手，除非歪到伊涅芙專再考慮要不要抽本體，後面還想抽滿命桑多捏要省一點

※ 引述《Rraydog1031 (兔子跳啊跳)》之銘言在新視窗開啟圖片如題為了等少女從新版本蹲到現在都沒抽目前大概屯了300抽左右月體系目前大致定檔就三個選擇「月感電/月綻放/月結晶」對於這三個體系選擇我個人的看法是月感電－機制看下來是月體系裡最優秀的，但好像剛需菲林斯1+1才能玩得舒服，所以配對保底要五金以上的預算，對我來說成本對有點高。月綻放－數值應該是目前月體系裡最優秀的，但機制好像不如感電隊(對群差.基本綁定水草)，不過成本相較月感電低，是我比較理想的選擇。月結晶－具體數值不知道，雖然保障有挪德卡來水平，但我有岩系恐懼症(機制這塊拉完了) 而且還要求新四星滿命，這期望成本也不比上述兩個低，除非出來數值左打絲瑪右打龍僕，不然完全不考慮。論月體系個人私心是比較想抽月綻放，畢竟全女配隊而且還能上妮露(抽完後幾乎倉管)，但我擔心的點是我前面蛇鹿都沒抽，等復刻遙遙無期(納塔瑪拉妮復刻都要換版本了)，而且高機率會跟後面魔女撞場，所以現實層面來看如果我想短時間享受月體系可能抽月感電會比較實際？還是要等遙遙無期的月綻放？還是乾脆一個大跳等後面比較對XP的魔女算了總而言之，我目前對於月體系的選擇還是很猶豫，所以想聽聽大家對於目前月體系有什麼想法？ 或是對於我的想法有什麼意見或建議？歡迎指正和討論。個人結論：1. 考量卡池排程，月綻放復刻會直接跟版本後段的人權隊撞車，如果月綻放不能一次投入10金以上的造價，6.3這版本已經沒有上車月綻放這個選項了。2. 3隊同成本(5~10金區間且成本正確分配為前提，再往上你成本摸不到沒意義)，比較大概如下：傷害：月綻放>月結晶>月感電，但這個區間月綻放跟月感電DPS差異大概10%~20%。月綻放的傷害這區間拉不開差異，但第11金開始其他2隊就沒得追了。生存：月感電>>月結晶>月綻放，月感電：伊涅芙帶盾、菲林斯小Q起跳(也是生存模組的一部份)導致其他兩個看不到車尾燈。月結晶：防禦主詞條+抗打斷，但受限於4星輔助五郎的奶太感人，要換鍾離就得承受DPS會掉。月綻放：抗打斷，然後沒了。5~10金這區間照強度排還輪不到菈烏瑪1命。(老米經典的加1難題，你輔助加到2命提升很大，但在加1金成本可以讓2+1主C直接6命質變)造價(以組隊完全為基準)：月綻放6金 > 月感電4金 > 月結晶2金月感電：菲林斯1+0、伊涅芙0+0、少女0+0菲林斯1命解鎖10秒小Q2次>3次，小Q是菲林斯最大的傷害來源跟生存能力，但需要配平充能導致傷害會降一些但瑕不掩瑜，成本確定的前提下這個分配已經把機制全解開了。月結晶：茲白0+0(或2+0以上)、少女0+0、葉洛亞6命+五郎6命。受限於數值都壓在葉洛亞身上，你甚至可以沒少女拿行秋掛水都不能沒有6命葉洛亞(跟納塔的瓦雷莎正規綁6夏沃蕾+6伊安珊才有優勢是同一個路子，成本集中度高的誇張且不具備加金往上追表現的隊伍)月綻放：奈芙爾2+1、菈烏瑪0+0、少女0+0老米4.0後前台、後台、輔助的專職化大方向調整，前台主C加金的傷害提升一定對整個隊伍傷害提升最大，月綻放配的是輔助，輸出到位的前提下(6+1開始)輔助加金才會產生巨額的表現收益，偏偏月綻放的生存模組放在菈烏瑪1命這個很要命的節點上(上面提過老米很喜歡這種多加1金就有跨越式收益的事情逼玩家抽到位)，更不要說少女本身大概率也要埋毒點，根本就沒成本能解毒。同時考量造價跟配對完整性(傷害、生存、操作難度等)，建議月感電，那怕只有4金把機制解了表現都比其他兩個好，4金月綻放太容易被怪物斬殺線淹沒(因為沒生存只能拚力大磚飛先把怪打死)，4金月結晶你甚至連葉洛亞6命抽不抽得出來都還是未知數(PU4星是沒有保底的)。3-

月結晶講太多了~

我估計從菈烏瑪開始加金比較好，奈芙爾0+1 菈烏瑪2+0 少女0+0，少女看起來像副C，菈烏瑪2命整隊傷害應該更高也有奶，萬一少女命座給個抗打斷，那10金內就能很舒適，盾雖好但沒奶有點不舒適

葉洛亞不至於要六命啦 二命比較關鍵 6沒給到那麼誇張

有時候四星輔助要滿命比一金成本還高吧@@

#B5:3954256# 如果只算出貨期望值，PU 4星滿命跟PU 5星2命抽數差不多，但四星沒保底會出現很多讓人血壓升高的狀況"
1,【討論】【2026立本交換】台港澳服專區（UID9開頭）幫開了台服的，歡迎多加利用（＋ｗ＋）／ 格式： UID： 日期： 世界等級： 箱子： 開放時間： 徵求或其他備註：,https://forum.gamer.com.tw/C.php?bsn=36730&snA=44782&tnum=20,"幫開了台服的，歡迎多加利用（＋ｗ＋）／格式：UID：日期：世界等級：箱子：開放時間：徵求或其他備註：7-

UID：901691820日期：1/10世界等級：9箱子：草開放時間：自動加入，今天到23.關4-

立本交換到底是什麼?到現在還看不懂.0-

簡單來說，每個玩家的蒙德城下方都會有一個叫做立本的NPC，他每日會讓你換一次匣子，內容物隨機，每個玩家給的不同，會從七個匣子選一個。

打一個比方，如果你自己的世界的箱子（風）你不喜歡，你想要（火）箱子，可以到別人有（火）箱子的世界去兌換

例如你的是岩匣（岩箱）內容物就是原石+武器礦，但你想要的是經驗書，那就要去其他人的世界看有沒有火箱（原石＋經驗書）、水箱（原石＋金幣＋經驗書）

所謂的交換其實就是讓玩家留ID可以互相去，或是開放給人家去換箱子這樣。

UID：901980141日期：1/6世界等級：9箱子：火 (紫色經驗書 x6)徵求或其他備註：找冰箱子 (6萬摩拉)，我極度缺錢@@，要交換的話可以先在底下留言，我下午有空可以開游戲交換2-

請問可以換火箱嗎？感謝

#B7:3910453# 可以 你上線了和我說

#B8:3910455# 在線上了，麻煩你了https://i2.bahamut.com.tw/editor/emotion/35.gif

#B9:3910456# 可以進了

#B10:3910457# 非常感謝https://i2.bahamut.com.tw/editor/emotion/36.gif

UID：906969791日期：1/6世界等級：9箱子：風開放時間：自動加入哦，大概開到中午關0-

格式：UID：關日期：1/6世界等級：3箱子：冰(摩拉6萬)開放時間：約到20:30　（可以直接進，如不能進可以再別人家，稍後再試試～）徵求或其他備註：材料隨意，說一下拿了什麼就好。3-

#B5:3939586# 來了 等我一下

#B8:3939590# 好喔 因為我大概八點十分會被趕去洗澡XD 如果來不及也沒關係!

#B9:3939596# 哦我剛有進了 休閒神風是我😂

#B10:3939597# 好喔那就OK 火箱我應該是沒辦法拿因為我是世界三你們都是高等世界ww

UID：日期：1/6世界等級：1箱子：冰(摩拉6萬)開放時間：自動加入徵求或其他備註：小號沒開地圖，不介意摸黑的話，材料隨意2-

UID：906218318日期：1/6世界等級：9箱子：火 (紫色經驗書 x6)開放時間：預計開到11點半前，自動加入1-

UID：904188468日期：2026.1.7世界等級：降到8箱子：火開放時間：4點開著去上班應該中午回來7-

格式：UID：暫關日期：1/7世界等級：3箱子：火(原石+紫書*6)開放時間：ID關掉就是沒了　（可以直接進）徵求或其他備註：材料隨意，說一下拿了什麼就好。3-

UID：日期：1/7世界等級：9箱子：火箱子開放時間：休息 晚安啦徵求或其他備註：無，有拿材料的話說一下即可2-

UID：906218318日期：1/7世界等級：9箱子：冰 (摩拉 x60000)開放時間：預計開到11點半前，自動加入0-

UID：900088920日期：1/8世界等級：9箱子：火 (經驗書 x6)開放時間：開到15點30，自動加入6-

UID：900088920日期：1/9世界等級：9箱子：冰 (摩拉 x60000)開放時間：開到15點30，自動加入5-"
1,【問題】角色抽取建議最近剛回鍋、不過已經退坑了好久，發現後面的機制怪開始打不太動現在是用永凍隊伍在大世界探索，主要遊玩也是解任務跟探索大世界目前主線推到楓丹、不過之前為了要趕終末任…,https://forum.gamer.com.tw/C.php?bsn=36730&snA=44829&tnum=1,"最近剛回鍋、不過已經退坑了好久，發現後面的機制怪開始打不太動現在是用永凍隊伍在大世界探索，主要遊玩也是解任務跟探索大世界目前主線推到楓丹、不過之前為了要趕終末任務有去挪德，發現連大世界的怪都尻不太動了知道接下來會有角色要出，想問若以我目前的角色池，建議怎麼抽取、可以組什麼隊伍，謝謝~0-

下版本的少女和伊涅芙都至少拿個00，後面就等看看妮可能不能和你有的溫迪可莉組魔導隊，有月體系有魔導應該能過個舒適的原生

我也覺得伊涅芙打大世界應該會不錯

我當然是推爆我機娘的

你沒講預算 我是你的話就直接抽0+1牛 隊友都在池子裡了

這號跟新開一個沒兩樣，先抽月神少女吧，新體系"
1,【情報】角色技能展示——空月歸鄉・哥倫比婭旅行者好呀，今天為大家帶來哥倫比婭的角色技能展示，一起來看看吧～「伴月同眠」活動祈願將於「月之四」（1月14日）版本更新後開放——「空月歸鄉·哥倫比婭(水)」的祈願抽…,https://forum.gamer.com.tw/C.php?bsn=36730&snA=44800&tnum=2,"旅行者好呀，今天為大家帶來哥倫比婭的角色技能展示，一起來看看吧～「伴月同眠」活動祈願將於「月之四」（1月14日）版本更新後開放——「空月歸鄉·哥倫比婭(水)」的祈願抽取機率將大幅提升！原神｜HoYoLABHitekuni981320ck ‧專業達人追蹤【情報】哥倫比婭角色PV ——「存於何處」人氣：5072【情報】「莘露的贈禮」那維萊特全新衣裝顯示人氣：372069-

HOThttps://truth.bahamut.com.tw/s01/202601/forum/36730/7ab08e9c67c304ad0843441afb76f504.JPG?w=300

HOThttps://truth.bahamut.com.tw/s01/202601/forum/36730/b07a552e243f18ad2aa0e401abe96f6f.JPG?w=300 6+5！6+5！(●♡∀♡)/

HOT愚人眾一定是很歡樂開朗積極向上的好組織 https://truth.bahamut.com.tw/s01/202601/forum/36730/87f074162d6373d66f21a4f10d7bd939.JPG?w=300

因為沒有蛇去卡種子 種子可以變傷害資源

有一點官方沒提到的機制：一命後大世界開E可以搜索寶箱，包含尋寶羅盤找不到的挖掘寶箱，這點在其他國家也一樣生效盧諾米阿瑪斯賓==========…………來都來了，順便放些金牌銷售員有趣的東西好了，大概體驗一下這角色的性能區間在哪円學景楓風（阿牛不能吃）熒歲鎮太辰二金帶飛老角色，月神國家隊，少女配機娘的魔王武裝莫娜摸魚專用聽我唱歌吧阿蕾奇諾～愛吃半靈的悠悠子少女、帝君、豹女、岩主的共鳴流展示8-

羊駝影片裡開E馬上攻擊寶箱要一命喔，這個得寫一下不然很騙

#B1:3883213# 喔對，我標一下"
1,【討論】夏沃蕾2026生日串RT 祝蕾神生日快樂! ——誰！ 呼，是你啊。想趁著換崗休息的時候看一下小說，沒想到居然睡著了… 身為特巡隊隊長，有什麼異樣我還是能立刻反應過來的。 要不是馬上意識到嚇唬…,https://forum.gamer.com.tw/C.php?bsn=36730&snA=44828&tnum=1,"RT祝蕾神生日快樂!——誰！呼，是你啊。想趁著換崗休息的時候看一下小說，沒想到居然睡著了…身為特巡隊隊長，有什麼異樣我還是能立刻反應過來的。要不是馬上意識到嚇唬我的是你，我的槍托就要砸過來了，下不為例哦！6-

這看起來也不像小說啊 伏尼契手稿？

熒：生日快樂！我最擅長解決夏隊長身上累積的邪惡！

生日快樂，樓上太糟糕了吧https://i2.bahamut.com.tw/editor/emotion/16.gif

#B3:3919461# 獨食難肥，只是把包攬上身的罪惡(信我https://truth.bahamut.com.tw/s01/202601/forum/36730/664573d5bdee908d783f0f5371bca14c.JPG?w=300"
1,【討論】風神巴巴托斯現在實力會不會比摩拉克斯強?溫迪先生最近突然想起來自己有時間執政的賜福 偷加入魔導角色的一員 遊戲戰力upup 劇情戰力也upup 在這之前感覺不計冰女皇的話 六元素領主的實力應該是排成這樣 風神此番掏出天…,https://forum.gamer.com.tw/C.php?bsn=36730&snA=44795&tnum=3,"溫迪先生最近突然想起來自己有時間執政的賜福偷加入魔導角色的一員遊戲戰力upup劇情戰力也upup在這之前感覺不計冰女皇的話六元素領主的實力應該是排成這樣風神此番掏出天理四影級的權能大補包戰力位階會躍升多少?女士踢過溫迪的蛋蛋 現在應該很驕傲631

HOT又開始沒意義沒結論沒客觀的戰力比較了

#B60:3893993# 主線 影自閉了+主角有願力+不是現實

#B61:3893995# 我有補充阿,我只是提單挑,他實際上也不是打贏且身上有超級buff

#B62:3893996# 對

我很好奇打西洋棋的時候阿貝多+主角能幹嘛，冰呢

我認為的，當前已知的神肉搏能力排名：瑪薇卡雷電影鍾離溫迪納西妲芙寧娜環境影響能力排名：溫迪鍾離雷電影納西妲瑪薇卡芙寧娜溫迪的肉搏能力在劇情中沒怎麼看到過，不過動畫裡他也是有使用過弓箭的，至少有基本的戰鬥力，所以肉搏能力評第四溫迪影響環境的能力超級誇張，吹開舊蒙德的風雪，削平舊蒙德的山頭，然後往旁邊一丟就變金蘋果群島，而且蒙德的氣候影響一直從2000年前他當上風神後一直持續到現在，這種影響的幅度、規模、和持續時間，都是目前已知的其他神無法比較的，所以環境影響能力我評第一戰績：雖然遊戲中好像沒有明寫，不過魈的槍術是鍾離教的，而魈能夠幾百年來不斷清掃業障和魔神殘渣，鍾離一定有功勞，所以肉搏能力評第三鍾離影響地形的範圍不多，就我所知只有孤雲閣一帶，鍾離投下岩槍擊敗漩渦魔神奧賽爾，還有升起天衡山阻擋深淵災禍，建造璃月港。雖然規模不夠大，但是影響幅度足夠誇張，環境影響能力評第二雷電影跟將軍打了500年沒輸過，僅憑一人威勢就降伏稻妻6島，甚至能用肉搏能力的一刀就把八蘊島砍出一道谷，極其誇張，所以肉搏能力評第二稻妻的雷雨其實有好大一部分都不是雷神引發的，在八醞島和踏鞴沙都是因為奧羅巴斯的祟神力量，在清籟島的雷暴是因為雷音權現，在鶴觀的濃霧是因為卡帕奇利，而且雷雨其實影響沒有說到很大，所以環境影響能力評第三沒有在任何故事和動畫裡看到納西妲有肉搏能力，連實機他都是個法師，所以評第五目前來看，在須彌能影響環境的魔神級存在：花神已經死了，赤王我不記得他能影響環境，納西妲的力量還要花很長的時間恢復，草龍王阿佩普才是能影響須彌雨林的魔神級存在，納西妲的知識頂多讓他知道怎麼清理死域，並教給底下的蘭那羅，所以環境影響能力我一樣評第四，如果算上蘭那羅應該可以前進個一名，但是眷屬不參與評比稍微提一下赤王阿赫瑪爾，神王雷穆斯是被赤王打跑逃到楓丹的，所以赤王真的超強，只可惜這裡只評價當代七執政芙寧娜嚴格意義上來說是人，所以沒有權能，基本上完全不能跟上面幾位相提並論，劇情也著重描寫他的心境而非實力，兩項我都評墊底，就算加上芙卡洛斯，諭示裁定樞機積存的力量是用來對抗法則的，依然看不到能評定水神肉搏能力和環境改變能力的事蹟順便講一下那維萊特，從肉搏能把達達利亞從魔王武裝狀態下直接打昏，我認為那維萊特的肉搏能力還不錯，基本上跟一刀秒羅莎琳的雷電將軍是同級別的，甚至可能更高(傷人不置死比殺人還難)取回古龍之大權的那維萊特，環境影響能力極其誇張，能控制原始胎海之水，能直接修改規則讓胎海水變成血液，超大規模的降雨能淹沒整個楓丹(雖然我有點好奇，地勢偏高的楓丹大淹水，啊底下的其他國家勒？)，這種程度的影響能力，我敢說遠超當前出現過的塵世7執政儘管瑪薇卡是人而非魔神，但他也是500年以來最強大的火神，從未有過敗績，跟隊長交手的過程幾乎都是以劍術對峙，全程都是單手甩大劍，在對抗深淵的大戰中，暫時失去神力的瑪薇卡依然是全納塔最強的戰士，雖然好像每次爆發力量都要用掉某些籌碼，但是一拳轟開虛假之天，這已經接近用肉體撕開提瓦特的規則了，肉搏能力極為誇張，評為第一環境影響能力的話其實有點難評，畢竟是火，要是發功的話搞不好納塔直接給燒沒了，所以更多體現在維持聖火和燃素的使用上，但是夜神之國又要把大部分的功勞歸給希巴拉克、夜神、死之執政和幾位大靈上，所以環境影響能力目前還真不好說，我評斷的標準主要還是在提瓦特大陸上造成的變化，打在天上那拳和能下夜神之國救人的能力就不參與評比了請注意，神明的權能，除了打架以外，還有很多用處，請不要看到上面的論點就直接覺得我是在說誰誰誰廢物什麼的我想著重提幾位並非七神的強者雷穆利亞的神王雷穆斯，在厄歌莉婭死後的那段時間，整個楓丹基本上就是雷穆斯的帝國，而且還以原始胎海為材料，創造了玉石生命，這在天理來看，創造人類以外的生命，是絕對無法接受的事，畢竟厄歌莉婭就是因為創造了純水精靈才被天理制裁的，查到的資料是說雷穆利亞最厲害的是大樂章計畫，但是我忘了那段是在講什麼須彌的赤王阿赫瑪爾(魔神名為「阿蒙」)，這應該是全原神數一數二強大的魔神了，戰績也跟摩拉克斯不相上下，因為當時單單憑他的勢力，能夠掃平整個須彌沙漠地帶的眾多王國，實現大一統，而且還完全封堵了深淵攻勢，和地下坎瑞亞來的深淵教團，左有地脈缺損的納塔，右有深淵大出口的層岩巨淵，赤王都扛下來了。不只如此，前面提到的神王雷穆斯就是被赤王打到逃去楓丹的7元素龍王與「龍王」尼伯龍根：因為上面那些都是我很久以前寫的，所以有些新設定還沒跟上。根據最新資訊，取回完整權能的各元素龍王，在位階上是比7神還高的，而能統領7元素龍王的無前綴「龍王」更是直接帶領龍眾與法涅斯大戰，甚至打了兩次5罪人、天理的5個影子、3月女神，位格太高我就不提了7-

雷電影語音有說她的奧義是要用元素力的，所以無想一刀作為奧義根本不是肉搏，所以也不存在雷神是肉搏斬島這事

是說,鍾離只封印奧賽羅,這件事本身應該就有問題,鍾離有移山填海造陸的能力,他真的要認真直接開一條路過去強迫奧賽羅只能打陸地戰,鍾離基本穩贏,但他只有封印

事實上甚至根本沒有說他們打了海戰，到底是那裡說打了海戰。你會說大蛇和雷電影打了海戰嗎？另外也沒有地方說鍾離能移山填海造陸

遊戲中說傳說中，鍾離做的事是是把岩槍拋到魔神身上，把牠們封印，並形成 孤雲閣，並沒有說他能移山填海造陸

或者說，最少移山是沒有的。從投下岩槍看，應該是飛在天上投槍比較合理（？）

人家有時間權能，掏出有黃色按鈕的圓形紅色懷錶，按下去發出「等的登」的聲音，鍾老爺子就被定住不能動了，還能怎麼打？關於女士踢溫迪那段，人家擺明就是故意的，推斷其中不少成分也是因為對當事者的愧疚，畢竟他沒能保護到每個人，才會誕生現在的炎之魔女；只是麻煩的事，被兩位男神這麼忽悠後，她可能以為神都這麼好應付，然後去了稻妻，然後就沒有然後了3-"
1,【問題】新手該抽月反應還是希諾寧好如題 玩了大概一個月的新手 想請問都是0+0的前提下抽月反應還是希諾寧好 （月反應的話我打算抽下版本的少女和白馬 附上box 感謝各位大佬,https://forum.gamer.com.tw/C.php?bsn=36730&snA=44747&tnum=18,"如題玩了大概一個月的新手想請問都是0+0的前提下抽月反應還是希諾寧好（月反應的話我打算抽下版本的少女和白馬附上box 感謝各位大佬1-

HOT作為月之一下半開始玩的人告訴你想抽啥就抽啥，這些人都是沒A不抽B、沒B不抽A，到最後啥都沒抽到

HOThttps://truth.bahamut.com.tw/s01/202601/forum/36730/958a6c28f5546aa93855dacb774bae55.JPG?w=300

HOT照某些人的邏輯所有體系遲早都會變棄子

重點在這背包補希諾寧給僕人只能獲得大世界跑圖提升  數值幾乎沒有多多少 而且輔的還是僕人這個4.0的老角色 本身背包不具備跨還境執法能力

月體系最少目前夢的到的月白數值可不低 完全擔得起6.0瓦雷莎的程度 更別提還有環境加成了 起碼使用期限更長 且更符合自己需求

這不是內鬼區我就不說強度數值。簡單說，目前，老手都預留了原石抽少女。如果之前沒下注抽月綻放及月感電的，很多都應該抽月結晶。由於，伊涅芙也跟少女一池，所以其實也可選月感電。至於那個更能打，我會建議在版本後期，創作體驗服公開後，會有更多的資料流出，那時再作決定也不遲。至於希諾寧，我不是說沒用，但問題就等同在須彌抽萬葉。人家都在玩草行久，而你的萬葉沒主C帶。當年的萬班組合，也是超級泛用。但在須彌版本沒草神，那基本是超級不爽。而只要有一個0命草神，組草行久就超級爽。我不是說現在少女是拿草神劇本，但，你抽希的問題跟當年抽萬是一樣。抽希，加上box 的芙芙僕人，不是說不能打，但這要在深淵12層打滿星也有難度。也不說DPS能不能比少女月反應隊好，但少女基本會在挪德版本有優勢，環境待遇一定僕人好很多。簡單說，你抽了希給僕人也不見得能打。如果因此而放棄了少女及其隊友，恐怕在未來半年都沒好果子吃。要吃果子基本都是要抽新版本的主C。你當然可以賭今天前瞻的影子會組希，但最近的情況是，最近的主C都帶個專輔，而且會鎖戶籍，也會鎖屬性。即使是水火雷冰也不一定能帶希。一般深淵隊需要3-4金，如果確保之後半年有足夠資源組2隊的話，抽希是不虧。但如果原石不多，那還是建議優先集中資源組2支有力的隊伍比較好。6-

HOT#B2:4091374# 像你這種打11層的基本是xp抽就行，不用來問，人家發文問，除非特別注明，一般都會以滿星為目的去計劃抽卡去提供意見。

說真的深淵12層好像也不用組到完整的隊伍，輔助角色全部抽一抽組個大雜燴也能過，幽境危戰才比較需要

#B5:4091603# 其實在劇詩上線後，深境螺旋的難度就有明顯的下降了。  我一樣的角色池，以往都要凹個幾次才能滿星，劇詩出了之後深境螺旋就沒有再凹過了。

劇詩地脈那關最近難度大加強了，雖則試用給90。

其實除了最近+我的懵懵人我 是真的心灰意冷了從你的隊伍可以看出 分身 雙風在衝瑞希可以飛行並非垂直的山壁 我們不提 我想他在妳隊伍之內 是有所考量僕人+3補 內含一燒血其實我一看就知道再鬧了鑒於 這麼多人關注+回應 也給後面來的一個反饋不論你是否新手 但請你用新手的角度去思考隊伍半殘 再配合你們的全殘思考 有助益嗎?????6-

我還是很傾向幫助懵懵人的

#B2:3893895# 月反應 滿輝

#B2:3893895# ㄇㄢˇ ㄏㄨㄟ   注音應該能理解?

等等都會刪除 會失去本來的意義

#B2:3893895# 等等都會刪除 會失去本來的意義

以你的BOX來看的話，這兩者皆沒有那維萊特更好少女綁月反應，BOX不齊，除非後續會抽茲白希諾寧雖說是降抗大世界萬金油，但依然沒法讓你質變抽那維萊特的理由是楓丹三體人，水龍王威名應該是聽過的，配合芙芙更是妙不可言；你可能會疑問芙芙燒血該如何解決，剛好不久後的海燈節能自選瑤瑤，完全能用。以1金CP值想要拉滿遊戲體驗，那維萊特更好，---現卡池，抽瓦雷莎如果能順便撈出夏沃雷和伊安珊，也是原地起飛3-

我剛有了精4的原典，但還是0龍XD

我也是歪奶奶的專武才抽奶奶的0命，再看她原來給水火減抗？_？她不是冰嗎XD

#B60:3954558# 馬都抽了，只好再等少女復刻抽來配隊，真的一環扣一環

#B58:3954550# 省了一格然後第四人放機娘

1、建議抽少女和白馬，一個輔助帶不來質變，但是兩個新體系角色能極大的豐富你的遊戲體驗，僅是一個少女就能讓你的配對選擇產生裂變，岩草雷隨便搭搭都能玩一玩。2、你目前的box抽希諾寧只能說是錦上添花，僕人和芙芙也不搭又沒有行秋夜蘭班尼特，如果可以的話最好牛池把夏沃蕾和伊安珊撈出來走超載。0-

既然是新手那麼地皮與魔神任務都還剩很多, 那就努力一點刮,爭取把兩隻都拿下.0-

看見很多吧友都熱心回覆，我也來說一句。因為你真的太萌新了，卡池實在太少角色，其實如果不論xp，瓦蕾莎（牛牛）是近期的低金戰神，卡池自帶2位4星隊友，伊安珊+夏沃蕾，第4位隨便選個火系隊友已經成隊，例如看到你有香菱，那加上她也不錯，（我的分身小號，就很長時間用這隊，第4位是用迪希雅）即使4個隊員都是0命都沒問題傷害不俗又簡單，1金即成隊可惜見你只問希諾寧，而不問牛牛，可能是不合你XP吧，那就可惜了牛牛在大世界跑圖很不錯的希諾寧是舊日很強力的減抗輔助，再加上納塔勇者套增傷，又是奶媽是舊隊伍很強力的輔助，但前題是，你已經齊隊友如：火神+奶奶+希諾寧+班爺水龍+芙芙+希諾寧+伊涅芙僕人+班爺+希諾寧+鐘離當然，其實寧寧很百搭的 ，只要你主C已經有2個隊友，那第4位（輔助位）加上她，肯定大大加強！但，你隊友真的有點缺……僕人：如打火直傷，雙火共鳴 欠缺班爺， 勉強用香菱頂上，盾位 最好鐘離，勉強可用藍硯，風套減抗+討龍增傷，第4位選寧寧，雖然可成隊，但不是最佳選擇，打起來可能有些不順水神芙芙：有琴幫忙回血，芙琴2人可當萬能插件，進入任何 需要水反應的隊伍，例如水火蒸發隊， 水雷感電隊，如抽寧寧，可取代琴，芙寧更佳，如你下期卡池，上半會抽伊涅芙（機娘）下半會抽水龍那維萊特，那麼 組成 龍芙寧機也是吃到近期月感電的加成了雖然見到很多人說水龍沒1命不行，但其實0龍也沒甚麼，我小號 龍芙寧機 全0命，打起來也很快很順，多數怪物身上都自帶元素，很易湊齊三個水反應，剛需盾角防打斷就是之前的危戰3和打機械鴨，也是用這隊過的但，月感電，或者說月反應一系列好像是不吃加傷的？所以，水神芙芙的高額加傷，或是希諾寧的納塔套加傷，在接下來主推的幾種月反應，其實都沒甚麼大用，幸好寧寧的減抗+奶還算有用雖然芙芙不算增傷，也是個長時間後台水，但留意，全隊扣半血的這個缺點，會使隊伍的生存壓力大大增加，必須配合奶媽，但這就會綁死兩個位置，組隊上不夠靈活所以，其實更建議你抽接下來月反應的主推，月神 哥倫比婭，這位 絕對是優先抽取其次是 伊涅芙， 可和月神組隊，沒菲林斯時的月感電萬能插件，而且萌新用盾角組隊，一定比較好打也比較安全之後，茲白的月結晶反應，雖然據說會很強，但一日未正式推出，一日都不算是落實，這位就再觀望一下吧5-

那種反應是吃精通等級吧->增傷和減抗技無什麼關係？號稱火刃開盾(防舊角)，一般低精通配感電刮不了盾，雷也打不出傷害，月感電破盾快3倍或例如冰屬猛打快攻也行。

[gamail6a:中間線不站那一邊] 有點看不懂你打的內容

x反應/劇變 打出傷害看精通等級吧，減抗多少沒有影響吧！火刃開盾(x感電)破盾速度加快，但其他攻擊一樣能破盾(很慢就是)！

這版本不用再推龍了數值跟不上，同樣想讓芙就業不如絲柯克隊，兩金抽0機0少有盾有月反應機制，又是後台傷害還高到離譜不是比補個0龍0希還簡單粗暴"
1,【閒聊】關於月神立繪的一點個人感受月神在劇情中給我的印象是很溫柔 輕飄飄 聖潔又純真的在祈月之夜 他像小孩子一樣喜歡玩旋轉木馬 吃糖果 他曾經很孤獨 後來在霜月之子找到了自己的家 是一個充滿花朵和溫暖 能…,https://forum.gamer.com.tw/C.php?bsn=36730&snA=44827&tnum=1,"月神在劇情中給我的印象是很溫柔 輕飄飄 聖潔又純真的在祈月之夜 他像小孩子一樣喜歡玩旋轉木馬 吃糖果他曾經很孤獨 後來在霜月之子找到了自己的家是一個充滿花朵和溫暖 能讓人安心停留的地方也因為這樣 當這樣的角色搭配現在的立繪時我覺得有一點點不符合角色的氣質月神在劇情中 就像小孩一樣 純真 脆弱需要被理解 被珍惜 也需要感到安心所以如果月神的服裝與畫面的呈現能再更貼近這份安靜與柔和也許會更符合角色在劇情當中的形象這是我個人的理解與感受 想要提出來分享看看不知道有沒有人的想法也跟我相似7-

HOT但我覺得少女這個也沒有不符合現在的氣質啊  感覺就很貼 完全沒有違和感

HOT有沒有可能是月神蛻變或成長後的樣子?你看都開眼了，大概是在新的主線經歷了什麼。

HOT而且敢為了同伴出頭也不像脆弱的人，總之她給我的印象像水晶而不是玻璃

你的印象沒錯 但那是在遇到主角之前的哥倫比亞 現在這隻要超進化了

等他的六眼張開"
1,【問題】想請教現在開始玩還遲嗎？12想請教現在開始玩還遲嗎？這遊戲會很肝嗎？課長才可以玩嗎？可以和朋友聯機一起玩嗎？謝謝各位🙏,https://forum.gamer.com.tw/C.php?bsn=36730&snA=44808&tnum=24,"想請教現在開始玩還遲嗎？這遊戲會很肝嗎？課長才可以玩嗎？可以和朋友聯機一起玩嗎？謝謝各位🙏427

HOT日經了…會問這種大概率玩不下去，所以不推薦

HOT我是4.2入坑的 玩到現在其實前期真的蠻好玩的 解謎跟地圖探險蠻不錯的 那時真的是毛起來玩到半夜三四點 打遺蹟守衛遇到怕得要死 要邊打邊跑 還要找牆壁躲 最有印象是剛進雪山蠻刺激的

HOT免費玩可以，想課金快逃

所以這篇什麼時候要進心情版？

塊逃 他們只是想用一點點角色的能力給你騙課

如果你的目標是想追上老玩家的進度那你就會玩得非～～～～～常痛苦光是大世界目前有超過8000個寶箱，前100個你可能還新鮮，前1000個你就覺得這作業感有夠重再來是劇情不能跳過，且大概九成左右都很乏味，還有防玩家掛機的設計強迫你看建議真想入坑的話不要急著追進度，目標放在有玩過、體驗過就好這遊戲沒PVP所以你也不需要擔心什麼戰力低被課長打爆的問題10-

我是3.4入坑的 一樣比別人晚了三年如果喜歡看故事  喜歡研究劇情 研究世界觀 當做一個會固定更新的動漫來玩是可以入坑的  如果你一定會花錢  個人私心建議 可以買個有強力開荒角色的初始號私心推薦 恰斯卡開荒  哪怕只有0命 都是極度舒適的遊戲體驗入坑體驗會完完全全不一樣.....  然後活動能打就打打不過就不管 無所謂有條件的話 用電腦或者PS5玩體驗會好很多3-

我是當成單機遊戲玩巴哈少看一點 不需要跟風被強度黨帶著走打不過就算了 反正那獎勵跟給乞丐一樣量力而為就好了如果得失心很重 強度焦慮症那我是建議 抽卡的遊戲通通都別玩妥當別自己虐待自己我是看順眼就抽 強度無所謂 爽我就抽然後劇情就是見仁見智了 我個人覺得有好有壞 隨便~原神劇情很多小細節 細到很恐怖要入坑任何時候都能 看你能玩多久而已28-

應該是看適不適合你吧?網路上有很多資源讓你瞭解這遊戲可以怎麼玩。如果是隨心玩會比較輕鬆想追求強度或蒐集角色武器之類的可能會比較累，因為需要肝和課才可能追得上。整體來看這遊戲還是以劇情和探索為主劇情看你想不想自己體驗，喜歡探索的話這遊戲可能有吸引你的點。抽卡的事就隨心和看個人錢包吧，總會有運氣好或不好的時候建議剛開始先挑一個主要目標，這可以參考個人喜好和玩家們建議有喜歡且順眼的角色玩遊戲也比較有動力吧?這遊戲什麼時候入坑都不晚，也沒有說一定要是課長才能玩只是晚加入會有些缺點就是某些活動劇情和道具會錯過就是了。然後可以聯機，可以去看看聯機的規則新手一開始會稍微累一點，但能持續玩的話能改善這點的所以就看你個人是怎麼想的啦!如果想加入，會有人歡迎你的，我不會跟你說:快逃離這遊戲!因為我想逃不逃應該是看個人意願吧?玩遊戲這件事不應是他人能強求的。5-

已經太遲了....你會非常痛苦，劇情累積太多而且不能跳過，很多玩家會說不看劇情你玩什麼原神但就真的又臭又長內容又空洞，劇情推進超慢主角爛到靠北多數是在耍憨除非你很閒倒是可以，然後活動錯過就沒了再也回不來一隻角色你喜歡想抽，你可能一整年都等不到.......這真的超腦殘，很多人等到退坑都沒等到遊戲福利非常差喔，對無課玩家勸退，一整年無課只有400抽喔 ，0命說是完全體但通常滿爛的，質變命座都會放在2命或6命，無課根本不用想命座，總之就是爛策畫非常爛，完全不聽取玩家意見，你各位玩家玩得越不舒服他策畫越舒服說一堆我還是玩3年了，真他媽可悲，等異環出要退了另外本期卡池新手神池，瓦雷莎+他的隊友，課長要入就快入，抽到滿命你的探索體驗會非常舒服但還是建議等異環吧，測試服反應非常好，策畫非常重視玩家意見，測試服有提出回饋的問題，全部都會改，2026上半年要開了，開服就入坑會比你玩原神好4-

#B10:3908847# 所以陰陽玩家也是在篩選用戶..

#B10:3908847# 我覺得像塵白那樣最好，按跳過也會跳出一段大概的劇情講解

#B12:3908916# https://docs.google.com/spreadsheets/d/1l9HPu2cAzTckdXtr7u-7D8NSKzZNUqOuvbmxERFZ_6w/htmlview#gid=955728278 看統計每個大版本應該都有600

#B10:3908847# 謝謝分享！的確要不是和朋友一起玩我已經被“篩選”掉了https://i2.bahamut.com.tw/editor/emotion/7.gif 。但也是玩原神的人還多他們才有底氣說這種話，玩家也在篩選遊戲呢：）

#B16:3909058# 其实就是一开始原神就往ip化去做的，要短期营收和市场竞争直接就是给完全商业化的崩铁了，怎么样都在自家的轮回里，如果不是隔壁2025年逆势翻身，这个套路还能持续好几年。

只要你少上巴哈原神版，少看大陸那邊原神相關的論壇，那原還是不錯的，畢竟抽卡手遊晚入坑吃的虧不大，越新的角色越強11-

你可以先去玩鳴潮 喜歡的話就不用回來了 不喜歡甚至討厭（不過應該不可能）在入坑原神311

我會建議先載下來 反正也不用錢花個一段時間在遊戲內到處逛逛不用思考隊伍 不用考慮強度那不是還在猶豫要不要玩的你該考慮的那些等你要繼續玩下去時都能解決到處看個風景 打打怪什麼的到時候你就會有答案了現在在這邊跟你唬爛什麼地圖漂亮 音樂好 劇情如何都沒什麼意義0-

開了千星奇域 ，又開放自機角色，可玩的玩法可多了。抽卡手遊長草期的問題不存在，還拉長角色價值曲線。想玩速食每一版本就換老婆老公肯定不適合，但想玩穩定長期 完全可以試。0-

買帳號就能解決跟不上進度的問題還能用別人已經培養好的角色主要就玩性癖的部份0-

本人是2.2版入坑，玩了四年幾乎不克金，基本上是靠地圖探索度100%搭配活動劇情獎勵在抽卡。目前命座最高的非常駐腳色就是芙芙，已經是滿命但缺專武（不過「完全之芙」其實已經夠強了，沒專武好像也沒差的感覺？）。至於其他七神除了月神一定也會抽一隻，火神還沒抽。原神是個人「持續遊玩」時間最久的一款遊戲，目前還沒有退坑的意思，挪德卡萊版本目前也讓我很滿意。和我個人玩過的其他3A大作（刺客教條系列、上古卷軸、巫師3、2077）相比，原神的劇本和人設還是比較成功的，而且絕大多數的「大作」充其量只是畫面漂亮＋戰鬥系統偏好才出名，90%以上的玩家根本就沒在看劇情......。不過劇情＋人設這種事情嘛......本來就存在嚴重的個人偏好問題，所以還是要看你自己接受不接受。另外一個很麻煩的問題是，原神存在「活動劇情限定」這個設定，一旦錯過就玩不到，只能去Youtube看別人錄下來的影片（獎勵當然也沒有）。這是長年下來被玩家詬病很久的問題，官方一直到最近才開始改善......所以結論上，我個人強烈反對樓主玩原神。理由一：你現在入坑，如果是想看劇情的，你已經錯過大量經典活動劇情，不如只看別人玩算了。更別說活動劇情給的獎勵都是限定的，錯過就拿不到，你就必須課金補回來。理由二：原神是劇本很吃重的遊戲，不想看劇情的人基本上會玩得很不爽，更別說每個人劇本的口味偏好都不同。真的喜歡原神的劇本？那就別上來看巴哈討論版（反正你玩原神也不需要經過巴哈「審核」），你只會看到一大堆不想看劇情、不喜歡原神劇本這個風格的玩家在那邊整天找原神的麻煩，一整天的好心情都會被他們給破壞掉。理由三：從樓主會發文「問」來看，樓主應該是很在乎大眾觀感的那種人，那就更不適合入坑原神。因為原神已經是五年的「老遊戲」了，人氣下滑的情況很嚴重，玩家社群提到原神給予的「負評」只會比五年前還要多（那時候原神人氣可是很誇張的高的哦！）。所以就別入坑把自己的心情搞壞，去玩騰訊的鳴潮會更適合你（至少在巴哈這邊是這樣）。就算鳴潮你實際上也玩得不是很滿意，至少你可以在那邊跟大家一起嘲笑米哈遊和原神是糞Game，有一個同溫層在、心情絕對會好很多。68

當然我對終末地的評論還是停留在他三測的時候,它公測會不會優化基建玩法只能等月底,最主要它急需要解決的就是他那個拉電線,體驗很差

#B44:3911583# 蔡喵跟大偉也是蠻賭的,要是手機性能當時再晚個一兩年才趕上原神的硬體需求,估計就是得捲舖蓋

#B47:3911588# 真的ＸＤ～原神早期還被拿來當新手機遊戲性能的測試標準。

#B38:3911567# 另外,這個英文圈的聲量雖然的確不容小覷,但是英文圈的情況跟現在巴哈的情況很像,你有去看reddit跟推特的社團就可以觀察到,另外這些英文圈的人很多都是當免錢玩的

課金意願度是明顯相比起日本、中國、韓國還要低不少,日本算是意願度最高的,畢竟他們國內的廠商都已經沒什麼競爭力了,其次是韓國,原神也是

是你選擇遊戲，不是別人幫你選，你首先要知道自己喜歡和討厭什麼類型的遊戲。我是注重劇情，其次是玩法，所以像是像素rpg 和文字avg 我都玩過，而且我也不排斥挑戰自己所以魂類也會玩。而我討厭高強度競技類，所以fps 完全吃不下，英雄聯盟也都打大亂鬥而已。那麼，你喜歡大量的文本劇情以及大世界探索嗎？喜歡美麗的風景和頂級的音樂嗎？如果可以接受大量有與沒有配音的劇情那麼歡迎加入，但如果只想抽卡打深淵的話建議不要1-

頂級的音樂＋１；我上面的回應忘了講這件事ＸＤ～

最近新手有送一個常駐五星至少不會卡關以前我玩的時候錯過常駐五星真的很牢第二次選琴玩的舒服0-"
1,【討論】女主熒的聲優悠木碧宣佈來台舉行見面會RT 不過這次是以藥師少女的女主來台的! 想見凹醬的可以提前準備! https://gnn.gamer.com.tw/detail.php?sn=298328,https://forum.gamer.com.tw/C.php?bsn=36730&snA=44826&tnum=1,"RT不過這次是以藥師少女的女主來台的!想見凹醬的可以提前準備!https://gnn.gamer.com.tw/detail.php?sn=29832811-

近期有強烈印象就是響，後宮之王https://truth.bahamut.com.tw/s01/202601/forum/36730/71e63de48c5c4e925ad30dce60437dc2.JPG?w=300的霸者。

#B1:3898837# 居然？我只知道他超愛小太陽的，剛好小太陽跟白同聲優……馬沙卡？

#B3:3898842# 真相是他喜歡的是遊佐浩二（？，但我懂，有性感男聲線排行榜，我會排進前五名

悠木碧真的好強 當初玩o還奇怪怎只有她配得特別差 不應該?後面主角逐漸現形 終於理解 專業聲優 太佩服..

#B4:3898875# 原來如此ＸＤ～聲優廚聲優啊～"
1,【轉載】貓貓推茶杯【心臓弱眞君插畫系列】繪師:心臓弱眞君@xinzoruo https://twitter.com/xinzoruo?lang=zh-Hant 阿蕾奇諾：我家的貓貓真乖 夜蘭:???? 木偶:,https://forum.gamer.com.tw/C.php?bsn=36730&snA=44785&tnum=2,"繪師:心臓弱眞君@xinzoruohttps://twitter.com/xinzoruo?lang=zh-Hant阿蕾奇諾：我家的貓貓真乖夜蘭:????木偶:37-

破貓讚https://im.bahamut.com.tw/sticker/1078/07.png

想引人關注的貓貓！

貓貓也怕寂寞，話說貓耳呢？下一秒風火擴散！XD

少女妳會不會太急了一點W

木偶：過來給妳加個BUFF(有情破顏拳！夜蘭：最近怎麼了(摸頭XD

已更新2-

左右結局大不同XD"
1,【心得】【開箱文】散落的草神瞳吊飾犒賞去年辛苦活著的自己（X 店家：古德奈特冒險團 材質：925銀鍍金+手工琉璃 尺寸：2.5×1.6cm 外盒包裝 正式開箱 神瞳中心透出草元素符號 正面細節 背面細節 完美的手機吊飾 如此…,https://forum.gamer.com.tw/C.php?bsn=36730&snA=44825&tnum=1,"犒賞去年辛苦活著的自己（X店家：古德奈特冒險團材質：925銀鍍金+手工琉璃尺寸：2.5×1.6cm外盒包裝正式開箱神瞳中心透出草元素符號正面細節背面細節完美的手機吊飾如此強勁，令人驚嘆！20-

有點心動，但掏保約台幣1440，請問質感值得這個價嗎?

#B1:3889611# 雖然半單，個人感覺還是值的"
2,【大佬集中串】幻想真境劇詩（新深淵）抱大腿串293031新深淵幻想真境劇詩開放大佬限時體驗功能 故開此串供好友位未滿且願意幫助巴友的友善大佬們曬一下box PS.大佬們想左腳踩右腳上天互相交流也行 —————分隔線————— Asia…,https://forum.gamer.com.tw/C.php?bsn=36730&snA=38740&tnum=611&bPage=2,"新深淵幻想真境劇詩開放大佬限時體驗功能故開此串供好友位未滿且願意幫助巴友的友善大佬們曬一下boxPS.大佬們想左腳踩右腳上天互相交流也行—————分隔線—————Asia806776571賢魚嚶相對稀有的滿命限5女角核心大C畢業配裝每個都有過人之處每個都有專屬武器傷害和面板更是技驚四座元素爆發更是給你意外的驚喜口牙PS.不定時會清理未上線好友105-

1801171182,897268366 已申請 求加好友大佬

837120160 已申請 謝謝!

834316959 已申請 謝謝~

868071360 已申請

886169626 已申請

台服(TW)那菈ベネットUID：901472063身為真愛男角黨~當然都要滿命！雖然還剩下1位沒達成XD上圖所有5星男角皆配有5星專武，幾乎全部滿精。目前只缺散寶鈴鐺(1精)，礙於武器池關係等未來補滿歡迎對男角有超乎尋常熱情的人來加好友一起體驗老公們的最強練度後續再補上一些有達到6命且有練度的5星女角，雷神及甘雨都配有滿精專武。((為了萊歐補抽一隻滿鶴~解鎖萊鶴玩法170-

UID: 906726923 沒有6命角，但關鍵的2命角不少 謝謝~

好友已申請！謝謝大佬帶飛901751785

909190228已加謝謝大佬

904840086已加，謝謝老大！

ASIA6/23更 好友滿了先不加了只放6命限定角神里6+5 其餘6+1申請後麻煩底下留個言好讓我備註16-

817290769 申請

885583707 感謝唷

812060041想申請，謝謝大佬！

807909459想申請拜託了

866572490 感謝唷

亞服 UID 810892572基本上全角色都能用，包括未來會開的角色也都會練滿，即戰力命座就隨意了靠我的角色打高分不一定，用來過關應該沒問題目前好友欄位還有20個，以後開放會多50個，加好友時最好備註 >借角色好友已滿，接下來沒加的要等更新後增加欄位再確認好友欄滿100了，沒加到的抱歉了10-

asia 801379945 強尼 已經申請感謝大大

836963800已申請，感謝大佬

881940098已送出申請，謝謝

807909459想申請

886169626 已申請

亞服UID：801544916想認識多點原友，有6命的一律6+1（荒瀧一斗6+5、夜蘭6+3、芙寧娜6+3除外）114/05/05 更：新增申鶴6+1、瑪薇卡6+1114/10/26 更：10/22 月之二版本開放好友上限200名，可以多確認幾位原友了（目前110/200）14-

843584277已申請 感謝大佬https://i2.bahamut.com.tw/editor/emotion/19.gif

801659160 已申請 感謝大佬

830891561 已申請，謝謝～

807909459已申請感謝

886169626 已申請

亞服 861188545需要的自己加好友，只要沒滿都會接受8-"
2,【情報】「月之四」版本「活動日曆」專屬桌布現已上線！點擊查看日曆，即時掌握版本福利>> 資訊來源：官方,https://forum.gamer.com.tw/C.php?bsn=36730&snA=44822&tnum=1&bPage=2,點擊查看日曆，即時掌握版本福利>>資訊來源：官方8-
2,【問題】過年免費造型怎麼領看到預告出來超喜歡的 聽說免費送到郵箱 請問是直接在原神郵箱就領的到還是要到千星奇遇裡面 沒有用過千星奇遇不太清楚,https://forum.gamer.com.tw/C.php?bsn=36730&snA=44821&tnum=1&bPage=2,"看到預告出來超喜歡的 聽說免費送到郵箱請問是直接在原神郵箱就領的到還是要到千星奇遇裡面沒有用過千星奇遇不太清楚0-

應該是要進去過千星才會發到千星內吧？我也是打算下版進去看看。

進千星內，二選一其中一款他馬的裝...

不知道又還沒開

怎麼領到不是問題，要注意的是馬偶裝好像只能男or女 2選1https://im.bahamut.com.tw/sticker/620/05.png

穿短褲帶頭示眾，在做也分不出來。XD"
2,【閒聊】新聖遺物不全然適用少女隊伍無法湊滿輝 但又想要抽少女的 改版後不要傻傻去刷這套 效果大打折扣 瘟腥提醒 想讓少女站場也不適合刷這套,https://forum.gamer.com.tw/C.php?bsn=36730&snA=44820&tnum=1&bPage=2,"隊伍無法湊滿輝但又想要抽少女的改版後不要傻傻去刷這套效果大打折扣瘟腥提醒想讓少女站場也不適合刷這套335

HOTB3和B5他自己的回文就...噗，是不懂月兆機制以為+少女要3個挪德卡萊戶口還是雲起來想黑我不知道

HOT超好笑 無病呻吟

HOT愛諾送的不就可以了?舊的兩套月曜反應套也有滿輝需求，初輝三個月反應套都是半斤八兩不是?既然你都提醒大家了，怎不丟出組初輝隊伍的話~除了這三套~最需要用哪套?

#B47:3912373# 站場打C的穿+爆率那套。

奈不對xp所以只抽菈烏瑪的我有考慮讓少女前臺打月綻放 所以可能給她2+2吧 或是出來打一下重擊就下去(buff可在前臺持續三秒)"
2,【閒聊】把棄坑九個月的朋友叫回來玩空月之歌冬川 ▚▚▚▚▚▚▚▚▚防雷▚▚▚▚▚▚▚▚▚防雷▚▚▚▚▚▚▚▚▚防雷▚▚▚▚▚▚▚▚▚防雷▚▚▚▚▚▚▚▚▚ 以下正文： 經過一個星期的專心爬空月之歌主線 他撿…,https://forum.gamer.com.tw/C.php?bsn=36730&snA=44819&tnum=1&bPage=2,"冬川▚▚▚▚▚▚▚▚▚防雷▚▚▚▚▚▚▚▚▚防雷▚▚▚▚▚▚▚▚▚防雷▚▚▚▚▚▚▚▚▚防雷▚▚▚▚▚▚▚▚▚以下正文：經過一個星期的專心爬空月之歌主線他撿回了對原神的熱情，他給6.1 boss戰給予極高的好評終於他玩到了空月之歌三的關鍵劇情他被慶典暖到差點哭，沉浸在那份感動與溫馨之中然後我等到了恭喜他加入我們的PTSD29-

HOThttps://truth.bahamut.com.tw/s01/202601/forum/36730/5fcde03496ed389e165dd368711f5c9b.GIF

#B18:3936859# 好像有爆料是說燒樹會在挪德卡萊後半段回收來用？雖然爆料不見得可信就是......

#B19:3936864# 應該假的吧，博士都快死了（？）都沒下文，除非下版本最後都沒死或者兩幕就把伏筆回收掉

#B20:3936867# 不知道，我總覺得官方不會那麼快就讓博士死；畢竟作為一個反派，博士目前塑造的算很成功～太快賜死編劇後面反而很頭痛ＸＤ

高機率下版本就會有執政出手了吧，現在博士這強度沒有執政或魔女會出手只靠當前戰力，感覺沒什麼贏的可能性，反正PV藏超深連少女都沒出場"
2,【討論】少女/哥倫比亞0命精5金箔實戰超詳細攻略,https://forum.gamer.com.tw/C.php?bsn=36730&snA=44818&tnum=1&bPage=2,"看著倉庫裡的衝浪時光, man!https://im.bahamut.com.tw/sticker/1097/24.png

所以推薦順序圖中的由上而下嗎？"
2,【情報】哥倫比婭軼事——她的過去她曾用很長時間去學習如何和他人相處，如何和這個世界相處。 桌布分享 來自原神官方,https://forum.gamer.com.tw/C.php?bsn=36730&snA=44816&tnum=1&bPage=2,"她曾用很長時間去學習如何和他人相處，如何和這個世界相處。桌布分享來自原神官方18-

吃~吃吃~~還是吃吃吃~~~"
2,【情報】托馬 2026年 官方生日賀圖今天(1月9日)是托馬的生日，祝托馬生日快樂！ https://www.hoyolab.com/article/43152849 稍等我一下，便當還差最後的收尾工作，都是適合帶出去野餐的食物。 看到餓的話，先吃點炸蝦吧。不…,https://forum.gamer.com.tw/C.php?bsn=36730&snA=44815&tnum=1&bPage=2,"今天(1月9日)是托馬的生日，祝托馬生日快樂！https://www.hoyolab.com/article/43152849稍等我一下，便當還差最後的收尾工作，都是適合帶出去野餐的食物。看到餓的話，先吃點炸蝦吧。不過感覺太郎丸肚子更餓一點，都快跳上桌子了。話說回來，之前牠偷偷藏在茶室的儲備糧好像不見了。這傢伙找了好久都沒找到，急到哼哼唧唧的。嗯？你怎麼突然一副心虛的樣子？12-

生日快樂！門鈴聲響起(托馬先生你的外送到了

我小號可是專門沒偷私房錢！"
2,【閒聊】大團長我跟你說 下次請阿貝多或者菲林斯教她畫畫大團長不要再教了 你教壞別人 以上純屬開玩笑 在砂質地面 再怎麼畫 也只能這樣畫,https://forum.gamer.com.tw/C.php?bsn=36730&snA=44814&tnum=1&bPage=2,"大團長不要再教了 你教壞別人以上純屬開玩笑在砂質地面 再怎麼畫 也只能這樣畫15-

蠻可愛的https://im.bahamut.com.tw/sticker/733/06.png

HOT不，我覺得少女比大團長有天賦太多了（凝重

想畫就畫，隨筆一揮，當初雪的派蒙麗莎的天賦。雖然已和派蒙沒有什麼關係。"
2,"【閒聊】自製新奇域「原則怪談：農場守則」歡迎來玩~大家好! 規則怪談第二彈來了! 奇域名稱:「原則怪談：農場守則」 這次稍稍減弱了規則怪談的恐怖,增加了一些簡單解謎跟經營要素。 遊戲人數:1~4人 遊戲語言:支援全語言 歡迎有時間…",https://forum.gamer.com.tw/C.php?bsn=36730&snA=44811&tnum=2&bPage=2,"大家好!規則怪談第二彈來了!奇域名稱:「原則怪談：農場守則」這次稍稍減弱了規則怪談的恐怖,增加了一些簡單解謎跟經營要素。遊戲人數:1~4人遊戲語言:支援全語言歡迎有時間的大家來玩~亞洲服   GUID:16356362395美服     GUID:16194126197台港澳服 GUID:16408228871歐州服   GUID:1629042828724-

發現千星奇域很多遊戲很殺時間，有些朋友整天泡在裡面玩三 四個小時。看中國那邊還推出 養老專用遊戲系列象棋 五子棋 圍棋 麻將1-"
2,【情報】12月 舊深境螺旋滿星分享串456今天也偷跑發文一波，這期主要BOSS為新火鍋和跳高機 這裡分享對這期友好的杜林為封面 P站 明天4點開始為月之三的十二月深境螺旋，分享大約明天怪物陣 以上來自妮可少女的玉衡…,https://forum.gamer.com.tw/C.php?bsn=36730&snA=44642&tnum=110&bPage=2,"今天也偷跑發文一波，這期主要BOSS為新火鍋和跳高機這裡分享對這期友好的杜林為封面P站明天4點開始為月之三的十二月深境螺旋，分享大約明天怪物陣以上來自妮可少女的玉衡杯數據庫◆第十一層地脈異常調整為：隊伍中所有角色獲得60%火元素傷害加成。隊伍中所有角色獲得60%雷元素傷害加成。◆第十二層地脈異常調整為：上半：處於隊伍後臺的角色獲得75%火元素傷害加成。下半：角色的下落攻擊造成傷害提升75%。◆更新了深境螺旋第十一層和第十二層的敵人陣容。◆淵月祝福：奔飆之月當前場上角色對敵人觸發擴散反應時，將在敵人的位置釋放衝擊波，造成真實傷害，此效果每2秒至多觸發一次。這期上半是分別給上半杜林和下半瓦雷莎打造環境，上半怪物非常多，推薦群體輸出角色如那維萊特和後台掛火像火神、杜林等能夠有效克制這些群怪。另外這期12-3上半是新火鍋怪，達到一定掛火次數就能破盾後就可對其本體來輸出。而下半有針對下落破盾的山鼬和跳高機，前者會在一定時間開啟火盾，利用超載、大劍、下落等來擊破。後者跳高機會開岩盾，也是要超載、大劍、下落、岩系攻擊來擊破。最後祝福各位大老順利滿星囉。這期的結果12-1上半怪太多，讓我的火神隊打了快2分鐘。接著在12-3上新火鍋，第一次火神打了2分鐘導致下半無力，於是我多重打幾次。直到第三次就決定火神隊一路循環到底，沒想到直接給怪打了爆擊大幅縮短時間讓最後我可以順利通過，這期的怪我大概也不想再打第二次了。陣容配置:火神00.茜00.希20.砂6，瓦01伊6旅6夏69-

HOT提醒一下各位，12-1上半請不要在有人的環境下開聲音玩，會社死

陸巡艦不能透過燃燒破冰盾的樣子

火系傷害都算一點，附著也算一點

蠻多頻道主都用草行久孫破12-1下落，算是低配的標準隊了

這期萬葉很好用，第一間上間聚怪，下間下落。

拼盡全力，艱難單通如此強勁，令人驚嘆15-

堅持單通那必須給GP!https://im.bahamut.com.tw/sticker/1336/13.png

可莉出擊！蹦蹦炸彈！這次難在12-1上半吧？考驗E和Q的迴轉率12-1上半剩餘時間在8：30左右下半就會輕鬆一點2-

上半基哥/下半燈哥連抽兩個開門版本下半C的有福了想必是非常簡單抽了杜林終於可以把火神踢了1-

幽境凹完來國小籃框灌籃了1-

已經想好要怎麼虐待12間下半世界傳奇都踩在腳下XD上半可納塔戰艦 迪西雅去搭配瓦蕾莎或是僕人 水神or奶奶 希 班 也行((對群偏弱1-

主號: 上路0+0溫迪0+0杜林, 下路奈姐12-1可以不爬柱連怪帶盾一套E重帶走小號: 火神自己就能打下落1-

先說感想，那就是00牛真的沒啥傷害，特別是我伊安珊還只有0命，那個傷害就更可悲了千芙在後台打得傷害還更高如果我有乖乖養61嘉明來下半打蒸發的話，應該更好打，嘉明還能用大劍直接把12-3下半那隻岩盾砸個稀巴爛。然後雖然我不太知道上半具體到底是減了多少抗，但應該是減了不少佩佩砍起來好順好嗨抱歉了風神，雖然知道你加強了，但僕人砍起來太爽了還是請你繼續當減抗風套工具人吧1-

題外話：純岩隊舊深淵全通記錄2年get沒什麼壓力的一期 下期沒意外會踢掉云堇放茲白男岩限定是有沒有打算補5-

無視150抗性😊1-

練手  無難度老深淵1-

最後一間壓秒1-

零命+精五飾鐵之花 第三間上半打了快一分半 要先用六命班+火神後臺全力破火次數

我也是一樣配置 但目前要打1分50 請問是火次數達到前 奶奶跟希諾寧都不用出來嗎？

火次數到一半的時候就可以切出來正常爆發了 不用等到癱瘓

好的感謝 回去試試看一半之前都不要叫奶奶跟希諾寧出來

大感謝！過了！

原來下半第一關可以直接強殺1-

舊深淵越來越好打了2-

寶寶1-

這次的火次數盾非常噁，我難得在老深淵遭了牢罪，等hololab更新中1-

挖靠這難度有燒到歐，那65隻怪出那麽慢真的煩1-

手機玩家體感比上次輕鬆上半調香師0：草套+精1息災基尼奇2：夜魂套+精5撼地瑪薇卡0：夜魂套+精2螭骨班尼特3：宗室套+精1天空下半愛可菲0：劇團套+精1和璞鳶芙寧娜2：劇團套+精3西風塔利雅0：宗室套+精5水管絲柯克0：深廊套+精1蒼耀12-1上：怪有點多，時間留給下半有點少重打了幾次，調香師每輪循環一定要有大下：貌似能用凍的斷鑽到地下？！第一隻一開始就鑽地，第二隻凍卡它沒鑽地直接打到死12-2上：怪一波一波用調香師還行下：水神招補血的用絲柯克慢慢砍12-3上：基尼奇打燃燒無壓力，冰盾火神轉圈&班尼特E破下：直接用絲柯克跳打下落破盾速度還行，破盾時水神一樣切補血的2-

還行 12-3雙機制塞同一層有點煩而已上6金下4金2-"
2,【問題】芙寧娜的人氣是最頂的嗎大偉哥特地幫她辦了場個人活動 全場 只賣芙一人 粉絲好多 芙寧娜的人氣是不是就如 最頂的,https://forum.gamer.com.tw/C.php?bsn=36730&snA=44813&tnum=2&bPage=2,"大偉哥特地幫她辦了場個人活動全場只賣芙一人粉絲好多芙寧娜的人氣是不是就如最頂的24-

HOTYT日本原神的角色展示PV 芙芙 已經超過 雷電將軍PV播放量第一名 (國家稻妻原型日本) 可見芙芙的含金量~劇情人設真的很重要！當時4.2完成魔神任務+傳說任務直接給芙芙滿命了(變成芙粉) 。

越扁越厲害 扁奶萬歲

從雌小鬼到水龍水龍別哭了... 承擔一切的芙芙

#B19:3882828# 水瀨祈版本的「水龍水龍別哭了」特別有感觸......

好想對岸某遊戲平台年度遊戲角色人氣投票，今年芙芙沒名次的原因是去年拿太多票，直接被禁賽

朝經營IP方向去經營，不會過個版本就丟。小智米老鼠美樂蒂Hello Kitty哈利波特魔戒變形金剛漫威DC2-"
2,【情報】哥倫比婭角色PV ——「存於何處」夜霜打濕她的翅膀，驚醒一場美夢。 命運如柔絲的密網，在那悠久的囚籠。 中（CV. 楊夢露） 日（CV. Lynn） 英（CV. Emi Lo） 韓（CV. 유영）,https://forum.gamer.com.tw/C.php?bsn=36730&snA=44807&tnum=6&bPage=2,"夜霜打濕她的翅膀，驚醒一場美夢。命運如柔絲的密網，在那悠久的囚籠。中（CV. 楊夢露）日（CV. Lynn）英（CV. Emi Lo）韓（CV. 유영）Hitekuni981320ck ‧專業達人追蹤【情報】角色技能展示——空月歸鄉・哥倫比婭人氣：6016【情報】「莘露的贈禮」那維萊特全新衣裝顯示人氣：372067-

HOThttps://truth.bahamut.com.tw/s01/202601/forum/36730/9a20017f0830e6b020370acbbb3887ba.JPG?w=300 ...等我...哥倫比婭（無誤）

HOT博士必須死~~~

#B5:3938501# 這不用擔心啦  當時官方SKK UP就說過 角色動畫會變多

一般，少女其實已經穩如老狗，銀月之庭3都準備好了，現在再疊和好友分離的buff就沒啥意思了，不如多寫點過去的故事

月球顛呀顛，哥倫比亞睜開眼哥倫比亞：你醒啦？這裡是月球上.JPG摸摸派萌這指尖相觸好有感覺8-

兩章只有負責摸摸XD

月亮顛呀顛 哥倫比婭睜開眼👀她說剛剛做了夢💤夢見祈月之夜 就是今天😁在夢中 朋友們將她發現😘哥倫比婭😆 哥倫比婭😆歡迎回家 月神大人🌙祈月之夜開幕了🚪人們圍著她快樂地轉著圈⭕直到多托雷伸出手🤲讓哥倫比婭和大家說再見🥰———未相逢的再遇月牙彎呀彎 哥倫比婭睜開眼她說剛剛做了夢在夢中 金髮騎士與夥伴們將她發現【神明啊 可算找到你了 大家都期望著與你相見】祈月之夜開幕了人們圍著她快樂地轉著圈直到哥倫比婭走向門扉和大家揮著手說再見月牙彎呀彎 哥倫比婭睜開眼她說剛剛做了夢在夢中 多托雷將她發現【月亮啊 可算抓到你了 我一直期待著跟你見面】「月亮的消逝」開幕了人們圍著她“快樂”地轉著圈直到哥倫比婭走向門扉和旅者揮著手說再見月牙彎呀彎 希珀塞萊尼婭睜開眼她說剛剛做了夢在夢中 三月們圍在她身邊【新月啊 可算找到你了 我們一直期待著和你見面】「葬火之戰」開幕了人們圍著她快樂地轉著圈直到霜月的殘骸懸於高天之外等待著下一次遇見月牙彎呀彎 努昂諾塔睜開眼她說剛剛做了夢夢到「未相逢的再遇」就是今天【這是……月靈嗎？】在夢中 金髮旅者與侍從將她發現【旅者啊 可算找到你了 我一直期待著與你再見】———媽的生日快樂還在追我是不是自從雷神後每逢神的PV都要刀一下11-

葬火之戰開幕了……？(怕)

因為很多人推測少女穿越到過去了，線索也能對上，之前尼可也刻意跟大家複習歷史

#B2:3948922# 我知道 但是大家開心繞圈圈放這邊真的好可怕

目前都猜少女進尼伯龍根妙妙屋(應該不受時間影響 所以能見到三月)

到現在花車還在追我

再撐幾天，就能把少女帶回家了，pv看完其他都不想多說，只想看少女去找木偶說她回來了5-

※ 引述《Ben4Ben1 (Ben)》之銘言女神集體吃刀還在持續雷：跟好友賞櫻，畫面一轉好友與姐姐全部消失，然後黑化草：幻想中的慶典，輪迴三次回到被囚禁的現實，祝自己生日快樂水：拿畫片講故事，但其實只是機械狗被輸入的程式，世界已毀滅，什麼都沒了火：與家人過去的時光，獨自一人前往五百年後，半途迷失方向被妹妹的靈魂點醒6-

遊戲中的神挨刀會激起玩家的保護慾，但現實中的人呢...?

其實芙芙的PV和實戰介紹都沒啥刀吧，尤其過4.2前形象就是遜砲樂子人，是4.2後才整個大反轉

https://youtu.be/n2BylizgV8U?si=IDZyVzadBKvYgzBO  https://youtu.be/VrBbOi6cJWs?si=ePXWluaYUSKz91nY 我看的版本沒有\

芙芙的PV是沒有刀沒錯，但我當年看得有點細思極恐，過於歡樂的不正常加上謝幕後完全沒有歡呼的違和感，那種精神獵奇感比發刀更高明 www

草國旅行者集體：大賢者必須死 ！  挪卡旅行者集體：博士必須屬！？

但願這月光能得到她應得的...0-"
2,【繪圖】穿著V字泳裝的蘿克珊畫這張圖時還是夏天，所以穿泳裝很合理吧 我的facebook我的instagram 我的pixiv 我的X,https://forum.gamer.com.tw/C.php?bsn=36730&snA=44812&tnum=1&bPage=2,"畫這張圖時還是夏天，所以穿泳裝很合理吧我的facebook我的instagram我的pixiv我的X19-

https://im.bahamut.com.tw/sticker/786/15.png

逐影庭：用繩索不算理由，把當時人帶走。"
2,【討論】所以博士他當年沒有交論文跟口試....... 那其實算碩士嗎?至冬國第3把交椅 第2席ㄉ多托雷 名牌上大大方方地寫著<博士> 給人一種又帥又聰明的霸氣感 可是他的前同事私下偷偷爆料說 這個博士齁 當初名字叫贊迪克 在教令院時念到被二…,https://forum.gamer.com.tw/C.php?bsn=36730&snA=44810&tnum=2&bPage=2,"至冬國第3把交椅第2席ㄉ多托雷名牌上大大方方地寫著<博士>給人一種又帥又聰明的霸氣感可是他的前同事私下偷偷爆料說這個博士齁當初名字叫贊迪克在教令院時念到被二一退學根本沒讀到最後那更不會有什麼口試或論文紀錄了因為連辦都沒有辦那這樣.....嚴格來說多托雷大人的學歷是碩士?77-

HOT碩士也要論文，這個只能叫大學肄業或延畢

HOT不一定吧, 我知道有一個1.5博士連論文都沒有

HOT是被退學的，連畢業證都沒有，高中肄業

#B7:3886521# 然後進野雞的什麼換一張證書XD

可以發現很多天才創業家都大學沒讀完就去發展自己的長才了，多托雷也是拉，天才必經之路"
2,【情報】「月之四」版本「如果在冬夜，一個旅人」全新聖遺物說明旅行者好！今天將為大家介紹「月之四」版本中的全新聖遺物套裝，一起來看看吧~ 來自原神官方,https://forum.gamer.com.tw/C.php?bsn=36730&snA=44809&tnum=1&bPage=2,"旅行者好！今天將為大家介紹「月之四」版本中的全新聖遺物套裝，一起來看看吧~來自原神官方10-

不要穿就好了，我都還想說穿獵人套就可以了，當然獵人套矛盾的是必須被種子炸傷，代價是得讓出一部分羽毛給種子，要有妮露讓種子收益高一些，當然這是沒有奈芙爾為前提且少女站前台。

不過一旦有芙寧娜可用，獵人套就前後台都適用，雖然芙寧娜目前太多隊伍要了，但如果不玩老體系只玩魔導和挪德倒可以考慮。

至少要刷杜林跟皇女兩套而且還都需要爆傷頭有點肝

以為魔女套要挷兩個魔女角，結果不用https://i2.bahamut.com.tw/editor/emotion/28.gif

可莉可莉好像可以換這套，魔女套的蒸融+15%我常常吃不"
2,【討論】【集中串】奇偶裝扮搭配分享（圖多）原本以為千星暖暖紙娃娃捏臉會挺夯的，結果整個版本都快過去了依舊十分路邊不過還是開個串拋磚引玉，無論是分享自己精心搭配，抑或是感謝大佬開源都行 直接上重頭戲-JK阿晴…,https://forum.gamer.com.tw/C.php?bsn=36730&snA=44503&tnum=18&bPage=2,"原本以為千星暖暖紙娃娃捏臉會挺夯的，結果整個版本都快過去了依舊十分路邊不過還是開個串拋磚引玉，無論是分享自己精心搭配，抑或是感謝大佬開源都行直接上重頭戲-JK阿晴（6.1巔峰妝造，沒有之一）4星限定：幻音廢墟（雙馬尾、髮夾、耳環、襪、鞋）4星商城：晴空繪卷（頸圈、上下裝、手飾、嘟嘟可）4星商城：仙境舞會（小兔子）瞳孔：焰火之約臉妝：看XPPS.愛麗絲套只拿一個玩偶cp值不算高，可以斟酌放棄再來是-圓鯊鯊（髮型差了些，也沒有標誌大尾巴）4星限定：幻音廢墟（髮夾、頸圈）4星商城：橙熾熱情（頭髮）4星商城：晴空繪卷（上下裝、嘟嘟可）4星商城：蒸氣時代（黑絲）4星商城：極彩巧匠（鞋）瞳孔：焰火之約臉妝：看XPPS.黑皮鞋有2星圖紙能替代，不過黑絲的話只有商城是連褲的，大月卡會有絕對領域各有千秋，至於耳環和手套並非核心出裝（原po是忍者耳+傳說手）鴨軸當然是咱們偉大的黃衣之主沒什麼好說的，鴨門🙏----------------saber：核心是常駐4星，手上有貨的可以試試31-

#B1:3876845# 黃衣之主是克蘇魯神話，小黃鴨本身由於百搭的泛用與極致的性價比，很容易管不住手

B站現在原神相關影片下面評論區都會固定刷黃鴨神教，看得我都想買了

一堆搞黃色XD

害我也想買一套黃衣了

借串問問，這個像逢坂大河的搭配是什麼?有人看的出來嗎?1-

常駐4星的頭髮和白絲，上下裝和鞋子都是2星圖紙 https://truth.bahamut.com.tw/s01/202511/forum/36730/18079a069c2653025ad64eb65babeffd.JPG?w=300

以後造型越來越多，各種搭配越來越多。0-

對岸千星奇域官方還發了個鴨鴨宣傳，笑死上週也入手小黃鴨了，便宜可愛，鴨門🙏8-

【小黄鸭，便宜的小黄鸭-哔哩哔哩】 https://b23.tv/ko4WASa 就是他，不過重點不是影片與播放量，而是他真的超級勤勞四處留言po圖

【官方都被小黄鸭的可爱捕获了-哔哩哔哩】 https://b23.tv/iccbtbh

https://truth.bahamut.com.tw/s01/202511/forum/36730/6444df5973998154c3f0687e14aa2e4c.JPG?w=300 https://truth.bahamut.com.tw/s01/202511/forum/36730/08b550ebe5bcbe25ede10936e7047fd6.JPG?w=300

https://truth.bahamut.com.tw/s01/202511/forum/36730/04a8e2a28a65f223caba1e205800ed7b.JPG?w=300 https://truth.bahamut.com.tw/s01/202511/forum/36730/2af8690269f2a131f4e7f346fbebe79b.JPG?w=300 差不多類似這種圖 之前存到好幾張

https://truth.bahamut.com.tw/s01/202511/forum/36730/f8d0c2f29705b4f467d640d8ce32dfe5.JPG?w=300 https://truth.bahamut.com.tw/s01/202511/forum/36730/61f25309b2d899183b1ab1b7f332cb98.JPG?w=300

很像Luce2-

好像紅過一陣子，所有祂是男的還是女的？

#B1:3874804# 無性別吧

我恨你 米哈遊4-

很喜歡這次的服裝，很幸運的30抽就彩星，就長襪比較不能接受，改了短襪。8-

https://twitter.com/akarisyatyo0423/status/19980521258937021208-

偷偷在這等個草神的，出了戳我1-

繼上次的蒸氣龐克與白眼友善池的黑色水手帽抽到很久 但一直都沒材料做出來直到剛剛終於湊夠 再來玩玩墨浸眼與 墨鏡眼(比較失敗墨鏡穿梆太多弄成兩津小李穿幫好像會太多所以弄成粗眉毛就好2-

我目前最喜歡的是這一身藍毛是以清粼連衣裙為主，這次霜庭雪翎帽子跟襪子+上次五星巫師的頭髮另外我覺得眼睛跟腮紅會讓臉的很可愛，特別是藍眼睛，要買眾所皆知[怒濤水手帽]可以卡出黑眼睛，再搭配金翡琉璃眼睛可以卡出非人感滿滿，充滿氣勢的臉希望以後可以讓頭飾或一些部位可以同時裝備兩件以上，我覺得這身裝扮還缺一對犄角，就更像魔王裝扮了xd3-

免費十抽 直接讓我中3-

滑雪套超可愛的啦，搭配現在活動的躲貓貓很應景，三不五十還可以帶去雪山晃和拍照3-

總覺得這套怪可愛的XD2-

黑皮真棒＊我也和 12F 一樣免費抽到雪套裝＊套裝原本的襪子我換成下面這套的，而下面這套的襪子則換搭過膝黑絲：然後小飾品都使用了下面這套的錄音帶 (也是現有唯一飾品)：這套沒有做變更，我覺得原本的就很好看。目前免費抽到了 1 套 5 五星、2 套 4 星，五星以後應該沒什麼機會再免費抽了，只祈望未來還能抽到免費四星裝。2-

這位網友居然自己搭一套希諾寧出來！？可惜他這套沒放衣櫥看不到具體用了哪些單件。5-"
2,【情報】「如果在冬夜，一個旅人」、「月之四」版本全新武器說明旅行者好！今天將為大家介紹「月之四」版本中的全新武器，一起來看看吧~ （以90級精煉1階為例） 資訊來源：官方,https://forum.gamer.com.tw/C.php?bsn=36730&snA=44805&tnum=3&bPage=2,"旅行者好！今天將為大家介紹「月之四」版本中的全新武器，一起來看看吧~（以90級精煉1階為例）資訊來源：官方27-

HOT蹡蹡https://truth.bahamut.com.tw/s01/202601/forum/36730/1e1d4e724f40c8b7e3a86eb037d7a0d3.JPG?w=300 /我就說挪卡是異色楓丹w

HOT#B10:3926308#  有沒有看起來像是水龍的頭部造型?

#B10:3926308# 龍王也能用啦

#B15:3926521# 剃頭擺設XD

這樣我連龍王專五都不用抽 太划算了吧

所謂的龍王專武....6-

美露莘：那維來客大人 您的頭烤好了！https://media.tenor.com/twZ65VXFSo0AAAAM/patako-san-anpanman.gif

比專武還要好看

可能出自某美露辛的思念傳達XD

月曜60爆傷的效果是裝備者還是全隊阿 我以為少女是提供水底給別人造成月曜反應他自己有效嗎?0-

月反應不考慮誰負責觸發這點真的蠻方便的

直傷月感電/直傷月綻放/直傷月結晶這些才是只看本人的面板，而月反應傷害則取決於參與反應所有人的等級/驚嘆/雙爆

#B7:3895223# 結晶也有阿，隊友觸發最多的反應和反應傷害為月結晶時少女可以發動生命倍率的月結晶直傷，不過結晶是嚴格的岩後手，所以少女本人確實無法觸發月結晶這個反應。

#B2:3895195# 少女自己副C成分比拐還大（單論拐甚至低於滿命愛諾，但後台傷害讓全隊總傷高於愛諾），所以還是有用的

#B11:3895899# 大概全隊只有6~7%的提升吧?你覺得值得一金就抽吧"
2,【閒聊】「向著星辰與深淵」木偶大人567奇怪了 這位凱瑟琳有點不一樣！？注意以下微雷 木偶就是「協會總部重要人物」嗎！？ 最早是須彌版本開始有凱瑟琳與木偶長的像的傳聞 以及木偶製造凱瑟琳的粉絲推測 目前官方…,https://forum.gamer.com.tw/C.php?bsn=36730&snA=43574&tnum=129&bPage=2,"奇怪了 這位凱瑟琳有點不一樣！？注意以下微雷木偶就是「協會總部重要人物」嗎！？最早是須彌版本開始有凱瑟琳與木偶長的像的傳聞以及木偶製造凱瑟琳的粉絲推測 目前官方落實了！而木偶 最早出現在公子的預告 但只有名字目前是愚人眾駐紮在挪卡的主要執行官整個月距力實驗設計局都佈滿他的機器人這次開場迎接爺她說了那句經典台詞~「很不高興為你服務」12/14這一段開場被官方改動看來官方也意識到 馬尾的問題！--------------鐵粉絲創作----------------預言家Berita Teyvat最新作 使用新的模型「旅行者你在不聽完試試看...」（難怪派蒙要害怕.....）以下過去預言家的作品一 兩年前（舊版模型）二 前瞻兩天前b站亂預測b站三 預言成功！？「回應爺的期待喔~」重複聽了n遍這什麼奇妙的初登場！感覺木偶和芙芙都是一樣的特殊開場w（雌小鬼）木偶與芙芙的類似開場（還都同時派人到前一個國家監視）所以過去旅行者的一切都被她瞭如執掌？「這位爺您這是什麼探索度 ？給我下跪！」「凱瑟琳不是說600石 怎麼只給60！？」最後不意外劇情後凱瑟琳回來上班了旅行者600石夢碎.....現唯一擔心就是怎麼 把木偶大人帶回壺~  嘿嘿-------------分隔線-----------------------10/2 更新ごさり大 的木偶跳舞影片已經來到23連發連結------------46樓 木偶裙底吊帶襪~------------月之二「很高興再為你服務喔~」「我有邀請你來開茶會嗎？？  」 （你還不坐下喝茶）我們的木偶大人 講話要反者看.......------------------------------------------------------------------------------------------------月之三「很高興再為妳服........務」(沒了傲氣 只有一臉落寞的木偶大人)----------------------------------------------------------------------------------------------月之四預告「：阿蘭....雷內.....我決定了！」-----------------------------------------------楓丹大世界線------------------------------------又是一個大家討論的推測被官方證實~不過木偶大人口風很緊  只說認識裡面的人水仙十字F4  團照陪伴左邊的少年也就是未來的楓丹奇械公「阿蘭 吉約丹」到他老死後有趣的事木偶完全沒有提過左二的人 阿蘭的妹妹木偶如何從阿蘭的人偶> 冒險家公會>執行官為何跟阿蘭妹長的像 就看後續了~(水瑪莉安和安和西格摩 你們旅行到哪了.....）121-

HOT在B站上看到有人是這麼說的 https://truth.bahamut.com.tw/s01/202508/forum/36730/5e6d4e902440c125f763d314c7b386cb.JPG?w=300

HOT#B21:3871864# 真的好想抽 這屑眼神太對味了

HOT這看垃圾的表情…我好愛

[s6415111:冰淇淋紅茶]

木偶是這幾個版本塑造的最好的角色之一！本來毫無興趣，現在只想抽爆

木偶是女配音之前看水仙十字在猜想 木偶可能是男配音 講話是大隻那位結果pv出來之後就跟我想的反了過來可能跟水仙十字真的沒關係?5-

#B4:3829742# 我記得根據劇情,原本阿蘭是有加入水仙十字結社,只是因為卡特的關係分道揚鑣,然後最後在雷內跑去胎海,厄里納斯事件過後去把自體自身之塔查封後埋頭研究機械

木偶背後有發條，我還是懷疑是不是人

#B6:3829937# 當初我認為不是人 但木偶竟然有女配音.....該不會有兩位聲優配音木偶吧

#B7:3829959# 我猜就像巴薩卡那樣:.........恩.......哦.........吼.....

我只能說……\木偶/  \木偶/\木偶/\木偶/\木偶/  \木偶/\木偶/\木偶/\木偶/  \木偶/\木偶/\木偶/誰來把我一棒敲暈，醒來直接在挪德卡萊41-

側臉超可愛！！

HOT仔細看她坐在椅子上x. 有芙芙的感覺https://truth.bahamut.com.tw/s01/202508/forum/36730/4cb0e9eddaabfc2e1053af7e46ade416.JPG?w=300

※ 引述《arthurchen0 (Arthur)》之銘言說到這個 木偶目前有個小特徵（好可愛）（她坐在椅子上）她的衣服顏色類似 水仙花NarzissenNarzissenkreuz=水仙十字Sword of Narzissenkreuz=水仙十字聖劍加上那個臉與照片的相似度高目前機率至少有6 成.....吧！？所以這體位就叫 紳士捧花34-

小瑪麗安，又是水仙花，好耶

Narzissen Cross

還且嗆完主角，還知道自己把凳子收好，讓凱瑟琳有地方站

題外話，木偶的日配CV:本多真梨子除了參語配音櫻野玖璃夢(學生會的一存)、相生祐子(日常)、中瀨克美(命運石之門)、小Z(機械少女Z)等知名動漫的角色之外，也有配音幾個知名遊戲的角色天王星渦芽（超次元海王星）AA12、芭莉絲塔(少女前線)風丸(明日方舟)最後是特拉洛克/特諾奇蒂特蘭簡稱:雨神(Fate Grand Order)而且有意思的是，雨神在FGO中原本是個冷酷無情的強大戰士，結果被迦勒底收編後卻成了想把御主關進她的溫馨小屋裡的重度ML(Master Love)盾外女友之一，也剛好與一開始對旅行者表現冷漠，實際卻是對旅行者有意思的木偶有著異曲同工之處同時若是回顧伊涅芙傳說任務再聽一次木偶的語音也是有雨神的那味13-

竟然沒有天王星渦牙跟無敵鐵金剛，差評（大誤）

#B3:3826670# 因為我超次元海王星只接觸動畫而已，那我再補上好了https://im.bahamut.com.tw/sticker/955/02.png

#B3:3826670#  https://truth.bahamut.com.tw/s01/202508/forum/36730/1d2c66c5d28f02b458357ab54b75de81.JPG?w=300　木偶：高熱火焰！！！

#B3:3826670# 我剛一查機械少女Z就查到了你在2013年撰寫的巴哈文章wwhttps://home.gamer.com.tw/creationDetail.php?sn=2193486

納塔的支線任務會小幅度影響主線5.3決戰深淵時支線（玻娜跟綠寶還有解完部族任務的夥伴都會來幫忙再來是5.8最新支線燼寂海的任務也會因為之前是否做過5.2的活動任務影響桑哈傑的遺物是你拿出來的還是奶奶給你這部分細節雖然看似無關緊要但會大幅度提升沉浸感回歸正題，我是很期待這次見到木偶能看你是否通過水仙十字書增加部分對話或是劇情彩蛋私心希望可以看到身為純水精靈的瑪麗安遇到身為木偶執行官的瑪麗安當初水仙十字完結時瑪麗安一行人有提到未來有機會在亥珀波瑞亞相遇而這地名剛好是位於挪德卡萊的霜月之子的地盤我個人認為還是挺有可能的13-

就線索各方都拉線到挪卡了 就只差開門驗證~

預言家了，月之三做完水仙十字有對話彩蛋。瑪梅赫他們大概要明年木偶主推的版本才會出現

看了新PV後回想舊PV,我對木偶的印象就像是以為是正統大小姐但其實是惡役千金這樣14-

我也不覺得木偶有賣麻辣，不過我猜被認為有賣的點，大概就是從開服就透過凱瑟琳彼此合作，還表達過不想與之敵對的關係……吧"
2,"【情報】月之三版本 幽境危戰 無畏(難度5)通關串456今天也偷跑發文一波，這期主要BOSS分別為三色使徒、暝視龍、跳高機，以下是三王的封面圖。而本串為無畏(難度5)的通關串。 日期: 12/10, AM 10點~1/14, AM 3:59 (隨版本更新後隔週三重置)…",https://forum.gamer.com.tw/C.php?bsn=36730&snA=44589&tnum=111&bPage=2,"今天也偷跑發文一波，這期主要BOSS分別為三色使徒、暝視龍、跳高機，以下是三王的封面圖。而本串為無畏(難度5)的通關串。日期: 12/10, AM 10點~1/14, AM 3:59 (隨版本更新後隔週三重置)以下為幽境危戰的情報 (無畏難度血量請參考左邊)資料來自玉衡杯數據庫以下直接附上官方的說明● 挑戰玩法：旅行者需要選擇一種難度進行挑戰。進入挑戰後，需要連續完成三場限時戰鬥，在限定時間內擊敗所有敵人。三場戰鬥均完成後，即視為挑戰成功。● 難度：由簡至難分為「普通」、「進階」、「困難」、「險惡」、「無畏」、「絕境」。初始所選難度越高，挑戰中的限制規則越多，面對敵人時的壓力也將越大。從「困難」難度開始，只有通過該難度的挑戰，才可解鎖下一個難度。●「賦光之人」：在挑戰中，將會有至多16位角色成為「賦光之人」。「賦光之人」會獲得增益，將其編入隊伍能更有效地幫助旅行者完成挑戰。「賦光之人」至多16位，會隨著挑戰情況發生變化。在「絕境」難度下，「賦光之人」將不再獲得增益。● 紊亂爆發期：挑戰開放後的10天內，地脈紊亂點將處於爆發狀態。在紊亂爆發期內，冒險等階≥45的旅行者，在「困難」及以上難度的挑戰中完成戰鬥後，可以消耗樹脂獲得自選祝聖秘境的獎勵，同時將累積「危戰勛望」。「危戰勛望」達到相應目標，可獲得額外聖遺物獎勵和「啟聖之塵」。爆發期結束後，完成戰鬥後將不再能消耗樹脂獲得自選祝聖秘境的獎勵。● 獎勵領取：完成較高難度的挑戰後，可以一併獲得該難度及以下難度對應的獎勵。「無畏」、「絕境」難度下，只有單人挑戰成功才可領取獎勵。● 多人挑戰：所有難度均可進行多人挑戰，至多可四位旅行者一起挑戰。「普通」、「進階」、「困難」難度下，可以進行配對挑戰或同一世界內多人挑戰。「險惡」、「無畏」、「絕境」難度下，僅開放同一世界內多人挑戰。首先注意開局0能量，三色使徒會每隔一段時間開雷、火、水元素的護盾，這裡推薦用草或冰體系隊伍會有效課制他的護盾，或者水前台帶克制護盾的後台也行。暝視龍則是開局起飛，能夠把它搞下來或者飛天角色去打會相對容易點。至於跳高機會給你跳高機制，避開它的震波集火輸出就沒甚麼問題，最後祝福各位大老順利在絕境難度通關囉。這期的戰績一開始左右王沒甚麼難度就打通了，接著卡在冥視龍無論出甚麼隊伍都無法打通。後來就學一個琴柏摔傷的技巧，連兩次破盾之時用力摔龍，才能達到通關的水準，以上為個人的心得。4-

正在挑戰琴摔XD

#B8:3910570# 之前岩居蟹也是啦 很難找到非2草或菈的 不過能找到就能參考了

中路如果是0命琴建議改用手機，我兩個號一個滿命琴一個0命琴，滿命的用電腦很好摔，幾次就過了

0命的用電腦超難摔，摔一個小時過不了，改用手機三次就過了

奇怪 我的0+0牛牛打不過第三關 怎麼看大家都很輕鬆

沒有牛牛被制裁了2-

放心 我用將軍照樣跳起來砍  將軍也是吃攻擊力的

牛牛挺保值的，從登場到現在都沒被環境針對，這次又來下落訂製怪4-

只要沒雷免 牛牛亂殺吧

牛牛太自由了，吃到感雷和覆核的湯，月神出來了應該要讓一隊給 月結晶了，火神環境可能快要退場了

瓦雷莎就算不超載，放一些純降抗跟123也很給力

瓦學妹強的一批

塔莉雅 換成討龍夏洛蒂破水盾 過N6了 好感動 發在另外一串4-

到底為什麼兔兔伯爵啊~?

深罪意外地用這隊打起來最快，破哪一種盾速度都很快，傷害也很夠暝視龍，不愧是溫迪的專屬舞台，就4強跳跳機，菲林斯可以放小Q後落地立刻跳高，因為小Q的第二段傷害有延遲，可以剛好吃到buff4-

00平鋪的手機玩家汗流浹背6-

用手機操作 毫無壓力的幽靜第一間的雷盾可以用草元素破盾  也是很快只有冥視龍在空中時 會拖時間而已2-

這時間  可以打N6了

#B1:3910025# 等下班回家 用電腦玩，感覺會很吃操作

第一間78秒也太快了吧..

論二希在危戰對將軍的重要性實在是高重新換了隊伍再打一遍  快了很多更新摔門  摔門我練好了  那個岩主鍾離卡到死我練不好但是琴摔三下我練好了3-

火神對  冥視龍飛到空中怎麼破頓啊?

#B1:3885555# 下面那張圖  是用班尼特Q+琴Q破盾 上面那張圖是安柏直接三重擊+Q破盾用琴摔死  上面那張圖上B站查詢""摔門""

跳樓機簡直是我見過最弱的訂製怪僕31恰21絲002-

#B4:3895924# 我僕人2+1超載只能打80秒，是減抗覆蓋率的問題嗎

#B7:3895962# 我超載是40多秒可能面板有差 我看不到實際情況也不清楚

#B8:3896010# 我的僕人10/8/10，2300攻，78/225雙爆，火杯，班帶天空大招12級"
2,【問題】月卡180天課了會+30天嗎? 還是要明天課才算天?如題求救,https://forum.gamer.com.tw/C.php?bsn=36730&snA=44806&tnum=1&bPage=2,"如題求救0-

#B12:3897333# 想說趁著EPIC優惠最後一天

#B14:3897347# 是今天最後一天還是明天?

#B15:3897363# 到明天上午11.喔

#B16:3897364# 感謝提醒, 這下補滿票舒服了https://truth.bahamut.com.tw/s01/202601/forum/36730/008f654b349ce2f9c452068e8fa051fd.JPG?w=300"
2,【討論】藍硯2026生日串RT 祝藍硯生日快樂! 多虧你來幫忙，這麼大的背簍轉眼就裝滿了！要是靠我一個人，恐怕要忙到日頭西斜啦。 嗯，現在時間還早，我帶你入山去摘點果子吧！ 這時候的野果非常甜，…,https://forum.gamer.com.tw/C.php?bsn=36730&snA=44792&tnum=2&bPage=2,"RT祝藍硯生日快樂!多虧你來幫忙，這麼大的背簍轉眼就裝滿了！要是靠我一個人，恐怕要忙到日頭西斜啦。嗯，現在時間還早，我帶你入山去摘點果子吧！這時候的野果非常甜，做成果醬或者直接吃都很美味。當然了，你自己一個人的時候，不要隨便摘野果吃哦，得有在地人幫忙辨認才行！18-

覺得這生日圖畫的像二創的是不是只有我一個...？

生日快樂！什麼叫不太辣...不太辣，熒嘴需要妳降辣。

#B2:3880696# 今年阿帽有嗎? https://forum.gamer.com.tw/C.php?bsn=36730&snA=44752

青雀：這是一場豪賭，朋友（聲優梗）

https://twitter.com/Unajyudayo/status/20084635632165605505-"
2,【情報】【原神千星奇域創體服】自機角色跟敵人自編技能系統https://www.bilibili.com/video/BV13zquBMEd7/?spm_id_from=333.337.search-card.all.click 千星奇域史詩級大更新！可以帶入大世界角色了！【原神千星奇域創體服】 https://www.bilibili.com/video/BV1SgqPBQEpM/?spm_id_f…,https://forum.gamer.com.tw/C.php?bsn=36730&snA=44801&tnum=1&bPage=2,"https://www.bilibili.com/video/BV13zquBMEd7/?spm_id_from=333.337.search-card.all.click千星奇域史詩級大更新！可以帶入大世界角色了！【原神千星奇域創體服】https://www.bilibili.com/video/BV1SgqPBQEpM/?spm_id_from=333.788.recommend_more_video.-1&trackid=web_related_0.router-related-2206419-bzvv8.1767771333711.941【原神千星奇域】可以自己搓造物的千星奇域來了！月之四創體服千星奇域 自機角色稍微看了一下1.最多支援四個玩家組隊跟大世界聯機一樣2.也可以四個角色自己組一個隊伍跟大世界一樣3.可以設定不開放技能 也可以開放使用技能 (包含角色被動跟性能)4.尚未實裝自機角色待機動作5.奇偶特殊動作無法使用，屬於奇偶專屬動作6.可使用表情符號其實我在想已經建設內購系統，以後看有沒有機會開放自機角色皮膚自製系統又或者皮膚直接放在這邊賣。敵人大小設定跟技能重編可以完全自己設定，應該會有些關卡搞得比官方難吧。未來還有繼續增加語音系統，看是否還會增加自機角色當NPC的功能3-

娜德陸戰艇合體吧XD

語音系統是玩家可以互相語音對話？"
2,【閒聊】日月前事 經過大綱 及後續日月前事 預先準備醞釀情緒的種種重點就在儀式感 緊接著 就是日月正事的重頭戲了 需要注意散熱 最後的收尾 切記 要勇於負起責任，別當個落跑人渣,https://forum.gamer.com.tw/C.php?bsn=36730&snA=44799&tnum=2&bPage=2,"日月前事預先準備醞釀情緒的種種重點就在儀式感緊接著就是日月正事的重頭戲了需要注意散熱最後的收尾切記要勇於負起責任，別當個落跑人渣6421

HOT懂了，難怪這個版本會叫空月之歌https://im.bahamut.com.tw/sticker/1336/03.png

HOT空月之熒

少女、戀愛的少女、少婦

https://im.bahamut.com.tw/sticker/827/08.png

我補一下整段：我們想要記錄的事情，是天上的意志如何在大地上擁有了形態。啊，天上之神，這些創造都是你們的作為。那就請你們啟發我的神智，讓我源源不斷地記錄。【鴿子銜枝之年】天上永恆的王座到來，世界為之煥然一新。然後真王，原初的那一位開始和舊世界的主人們，七位恐怖大王開戰。那恐怖的大王們是龍。原初的那一位造出了自己發著光的影子。而影子的數量是四。【法涅斯，或者原初的那一位】原初的那一位，或許是法涅斯。它生著羽翼，頭戴王冠，從蛋中出生，難以分辨雌雄。但是世界如果要被創造，蛋殼必須被打破。法涅斯——原初的那一位——卻用蛋殼隔絕了「宇宙」和「世界的縮影」。【銜枝後四十餘年】四十個冬天埋葬了火，四十個夏天沸騰了海。七位大王全部被打敗，七個王國全部對天上俯首稱臣。原初的那一位大王開始了天地的創造。為了「我們」——它最可憐的人兒將出現在這片大地。…【銜枝的四百餘年】山川與河流落成，大海和大洋接納了反叛者和不從者。原初的那一位和一位影子製造出了飛鳥、走獸和水魚。它們還一起製造出了花草和樹木。最後它們造出了人。我們的先祖的數目不可知曉。自此時起，我們先祖和原初的那一位立約。紀年也更迭一新。【箱舟開門之年】原初的那一位對人有一套神聖的規劃。人只要幸福，它便歡欣。【箱舟開門的次年】人們耕耘，第一次收穫。人們開掘，第一次收穫貴金。人們聚集，第一次寫就詩歌。【狂歡節之年】如果有飢饉，天上就落下食物與甘霖。如果有貧瘠，那大地就會生出礦藏。如果有憂慮蔓延，那麼高天就會以聲音回應。唯一的禁止之事，就是輸給誘惑。但是誘惑的通道已經被封堵。…【葬火之年】天上的第二個王座到來，彷彿創世之初的大戰再開。那一天，天也傾頹，地也崩裂。我們海淵之民的先祖，和他們世代棲居的土地，落入了多處。黑暗的年代由此開始。【黑暗的元年】七位大王的子民被海接納，深海的龍嗣曾經統治這裡。我們的先祖與它們發生了征戰。先祖使用千燈將它們逐入影子，它們則在影子裡狩獵人類。此處唯有黑暗，所以無處不是它們的獵場。人們的祈禱匯成哀歌，原初的那一位和其他三位發光的影子並不能聽見。【太陽的比喻】黑暗的洞窟裡，有一群未曾見過光的人們在生活。有一位見過太陽的賢人，對著洞窟的眾人描繪著光之下的生活與太陽的偉大。他見眾人無法理解，於是點起了火。人們於是開始崇拜火，以為這個是太陽，甚至開始習慣了黑暗與火光的生活。賢人死後，有人霸佔了火，通過火，投下了自己巨大的影子。【忘憂蓮的比喻】看見就會忘記憂愁的蓮花。在漫長的旅行中，尋找歸途的船長遇到了一群以此種蓮花為食的人。有的人留下了，有的人抗拒了這種誘惑。活著就是無盡的苦海。我們只是在尋找歸途。【黑暗的第三年】唯一沒有拋棄我們的那一位，她乃是「時間之執政」。她是時刻，是無時無刻，是千風與日月之度量。她是一切歡欣之時，一切憤怒之時，一切渴望之時，一切迷狂之時。她是一切譫妄的時刻。我們稱呼她「卡伊洛斯」，或者「不變世界的統領與執政」。真正秘密的名字，我們不敢直言，所以在這裡倒寫。「露塔斯伊」——我僅提一次。…【目盲之年】賢人阿布拉克他被開啟了神智，他展示了從手中發出光的奇蹟。先祖們以他為首領，開始建設「赫利俄斯」。…【目明之年，或日月的元年】「赫利俄斯」——太陽的神車，終於落成。白夜到來，常夜消散。日月的紀年開始了。【日月的二年】先祖們嘗試尋找歸途。地表的大戰應該已經結束。但是原初的那一位，第一個王座，布下了禁令。先祖們無法找到歸家之路。既然是如此，那原初的那一位，應該打敗了後來的第二位吧。阿布拉克被太陽之子下令囚禁。【樹的比喻】王的園丁與御園的樹精相愛。但是國王想要新修涼亭的雕樑，需要砍伐最有靈氣的那一棵靈木。國王是原初的那位之化身，因此園丁無法違逆萬王之王，唯有對著國王的祭司祈禱。祭司乃是常世大神的化身。祭司憐憫園丁，於是說，你去折下靈樹的枝條吧。園丁便去折枝，然後聽從國王的命令砍伐了靈木。隨後祭司說，你去種下靈木的枝吧。園丁說，靈木長成，需要五百年。祭司說，一念則千劫盡。於是園丁在自家後院種下了樹枝。結果一瞬間，細枝長成了新樹，那新樹精是曾經樹精的延續。因為那時刻之神，可以把「種子」的「這一刻」帶到過去與未來。【日月的十年】阿布拉克故去已久。日月之前的事情已經記錄得足夠。若無把一切按事實記寫的膽量，哪裡能成為常世大神的書記呢？我聽到了門外盔甲的聲音，我於此絕筆。14-

砰！！！（巨大釘子墜落

老師這是妳叫的便當XD

誰把這放我手機裡了

法大王：有人想吃釘子了？"
2,"【集中串】接受邀請，參與「千『雪』度假村，派對聚奇域！」8910>>點擊參與活動<< 我的邀請碼GAB81GZ69N 「千『雪』度假村,派對聚奇域!」網頁活動上線,快接受邀約,開始派對狂欢吧~ 參與活動玩法更有超多原石、重現晶簇、「千星奇域」道…",https://forum.gamer.com.tw/C.php?bsn=36730&snA=44560&tnum=183&bPage=2,">>點擊參與活動<<我的邀請碼GAB81GZ69N「千『雪』度假村,派對聚奇域!」網頁活動上線,快接受邀約,開始派對狂欢吧~參與活動玩法更有超多原石、重現晶簇、「千星奇域」道具獎勵等你來拿!二活動時間二2025年12月3日-2026年1月13日3:59:59(伺服器時間)*活動結束後便無法再領取獎勵,請旅行者及時領取*=參與條件=冒險等階>1級的旅行者即可參與活動3:59:59(伺服器時間),完成任務最高可獲得120個原石及480個重現晶簇獎勵,任務詳情見頁面。2.派對挑戰:區塊開啟時間為2025年12月21日-2025年12月30日3:59:59(伺服器時間),期間累計完成3次「今日挑戰」任務可獲得遊戲內獎勵,任務詳情見頁面。※本次活動中,同一帳號下的不同伺服器角色之間不可互相綁定。※資料統計可能存在1-2小時延遲,若任務進度未更新,請旅行者重新整理頁面或耐心等待。=邀請綁定規則=1.活動期間,旅行者可分享專屬邀請連結,邀請回歸/新註冊旅行者進行綁定,成功綁定後的回歸/新註冊旅行者可獲得重現晶簇x80獎勵,活動周期内,每位回歸/新註冊旅行者僅可領取1次獎勵。2.若綁定後的回歸/新註冊旅行者在活動期間登入遊戲,邀請人將獲得原石x40及重現晶簇x160獎勵;每位旅行者最多可邀請3人綁定,每位回歸/新註冊旅行者僅可綁定他人1次。※回歸旅行者:冒險等階>1級,且截至2025年12月3日已連續14天及以上未登入遊戲的玩家。※新註冊旅行者:冒險等階二1級,且在活動期間内註冊帳號號玩家。※本次活動中,同一帳號下的不同伺服器角色之間不可互相協助或綁定。=活動注意事項=1.請各位旅行者登入HoYoverse通行證並綁定《原神》中的遊戲角色參與活動,以確保活動獎勵順利發放與領取。2.活動結束後將無法參與活動與領取獎勵,請旅行者及時參與。3.遊戲內獎勵將由遊戲內信件發放,信件有效期為30天,請及時領取。5-

接受邀請，參與「千『雪』度假村，派對聚奇域！」網頁活動即有機會領取原石及重現晶簇獎勵！https://hoyo.link/6GT3GIGxl?m_code=GA4VETFD9N

接受邀請，參與「千『雪』度假村，派對聚奇域！」網頁活動即有機會領取原石及重現晶簇獎勵！https://hoyo.link/6GT3GIGxl?m_code=GA9Q9UQN9N

接受邀請，參與「千『雪』度假村，派對聚奇域！」網頁活動即有機會領取原石及重現晶簇獎勵！https://hoyo.link/6GT3GIGxl?m_code=GA5V6WFRDN 邀請碼：GA5V6WFRDN

接受邀請，參與「千『雪』度假村，派對聚奇域！」網頁活動即有機會領取原石及重現晶簇獎勵！https://hoyo.link/6GT3GIGxl?m_code=GDEQFWEEDN 幫忙一下 非常感謝~

GA2Z2W599N接受邀請，參與「千『雪』度假村，派對聚奇域！」網頁活動即有機會領取原石及重現晶簇獎勵！https://hoyo.link/6GT3GIGxl?m_code=GA2Z2W599N目前-2 感謝0-

接受邀請，參與「千『雪』度假村，派對聚奇域！」網頁活動即有機會領取原石及重現晶簇獎勵！https://hoyo.link/6GT3GIGxl?m_code=GA3AZ4FK9N

接受邀請，參與「千『雪』度假村，派對聚奇域！」網頁活動即有機會領取原石及重現晶簇獎勵！https://hoyo.link/6GT3GIGxl?m_code=GDAWF0X5LN

接受邀請，參與「千『雪』度假村，派對聚奇域！」網頁活動即有機會領取原石及重現晶簇獎勵！https://hoyo.link/6GT3GIGxl?m_code=GAFGK2EN9N

接受邀請，參與「千『雪』度假村，派對聚奇域！」網頁活動即有機會領取原石及重現晶簇獎勵！https://hoyo.link/6GT3GIGxl?m_code=GD15VDG5LN

接受邀請，參與「千『雪』度假村，派對聚奇域！」網頁活動即有機會領取原石及重現晶簇獎勵！https://hoyo.link/6GT3GIGxl?m_code=GDEQFWEEDN 幫忙一下 非常感謝~

接受邀請，參與「千『雪』度假村，派對聚奇域！」網頁活動即有機會領取原石及重現晶簇獎勵！https://hoyo.link/6GT3GIGxl?m_code=GA15SEDN9N0-

接受邀請，參與「千『雪』度假村，派對聚奇域！」網頁活動即有機會領取原石及重現晶簇獎勵！https://hoyo.link/6GT3GIGxl?m_code=GAALJHGU9N

接受邀請，參與「千『雪』度假村，派對聚奇域！」網頁活動即有機會領取原石及重現晶簇獎勵！https://hoyo.link/6GT3GIGxl?m_code=GA3AZ4FK9N

接受邀請，參與「千『雪』度假村，派對聚奇域！」網頁活動即有機會領取原石及重現晶簇獎勵！https://hoyo.link/6GT3GIGxl?m_code=GDAWF0X5LN

接受邀請，參與「千『雪』度假村，派對聚奇域！」網頁活動即有機會領取原石及重現晶簇獎勵！https://hoyo.link/6GT3GIGxl?m_code=GA9DYSM09N

接受邀請，參與「千『雪』度假村，派對聚奇域！」網頁活動即有機會領取原石及重現晶簇獎勵！https://hoyo.link/6GT3GIGxl?m_code=GD15VDG5LN

接受邀請，參與「千『雪』度假村，派對聚奇域！」網頁活動即有機會領取原石及重現晶簇獎勵！https://hoyo.link/6GT3GIGxl?m_code=GA158QXPPN0-

接受邀請，參與「千『雪』度假村，派對聚奇域！」網頁活動即有機會領取原石及重現晶簇獎勵！https://hoyo.link/6GT3GIGxl?m_code=GA4PXV8D9N

接受邀請，參與「千『雪』度假村，派對聚奇域！」網頁活動即有機會領取原石及重現晶簇獎勵！https://hoyo.link/6GT3GIGxl?m_code=GAALJHGU9N

接受邀請，參與「千『雪』度假村，派對聚奇域！」網頁活動即有機會領取原石及重現晶簇獎勵！https://hoyo.link/6GT3GIGxl?m_code=GA3AZ4FK9N

接受邀請，參與「千『雪』度假村，派對聚奇域！」網頁活動即有機會領取原石及重現晶簇獎勵！https://hoyo.link/6GT3GIGxl?m_code=GDAWF0X5LN

接受邀請，參與「千『雪』度假村，派對聚奇域！」網頁活動即有機會領取原石及重現晶簇獎勵！https://hoyo.link/6GT3GIGxl?m_code=GD15VDG5LN

接受邀請，參與「千『雪』度假村，派對聚奇域！」網頁活動即有機會領取原石及重現晶簇獎勵！https://hoyo.link/6GT3GIGxl?m_code=GA3J8BJH9N0-

接受邀請，參與「千『雪』度假村，派對聚奇域！」網頁活動即有機會領取原石及重現晶簇獎勵！https://hoyo.link/6GT3GIGxl?m_code=GA8SHHYL9N

接受邀請，參與「千『雪』度假村，派對聚奇域！」網頁活動即有機會領取原石及重現晶簇獎勵！https://hoyo.link/6GT3GIGxl?m_code=GD15VDG5LN

接受邀請，參與「千『雪』度假村，派對聚奇域！」網頁活動即有機會領取原石及重現晶簇獎勵！https://hoyo.link/6GT3GIGxl?m_code=GDB5KQYADN0-

接受邀請，參與「千『雪』度假村，派對聚奇域！」網頁活動即有機會領取原石及重現晶簇獎勵！https://hoyo.link/6GT3GIGxl?m_code=GA3AZ4FK9N

接受邀請，參與「千『雪』度假村，派對聚奇域！」網頁活動即有機會領取原石及重現晶簇獎勵！https://hoyo.link/6GT3GIGxl?m_code=GA8SHHYL9N

接受邀請，參與「千『雪』度假村，派對聚奇域！」網頁活動即有機會領取原石及重現晶簇獎勵！https://hoyo.link/6GT3GIGxl?m_code=GD15VDG5LN"
2,【情報】 原神千星奇域丨6.3 新增傳說裝扮 卓越裝扮 免費裝扮原神千星奇域丨6.3 新增傳說裝扮 ★ 傳說裝扮 | 晨曦朝露 一元復始，歲律更新。新年的鐘聲漸近，願你恰如升起的朝陽，充滿活力與希望。 ★ 傳說裝扮 | 晨曦朝露·玄墨 升煉後的晨…,https://forum.gamer.com.tw/C.php?bsn=36730&snA=44794&tnum=2&bPage=2,"原神千星奇域丨6.3 新增傳說裝扮★ 傳說裝扮 | 晨曦朝露一元復始，歲律更新。新年的鐘聲漸近，願你恰如升起的朝陽，充滿活力與希望。★ 傳說裝扮 | 晨曦朝露·玄墨升煉後的晨曦朝露套裝。深邃的色澤沉穩肅穆，仿若奔涌的玄水，蘊藏着悠遠而神聖的古老力量。新春將至，願福澤如長河般綿綿不息，源遠流長。————————即使對於見多識廣的「歐科塔維亞」而言，第66號星球也堪稱特殊。或許是文明中也存在某種類似於「趨同演化」現象，這顆星球在某些風俗上與提瓦特的璃月竟有異曲同工之妙。例如，新舊年交替之際，兩地均會以象徵「財富」的金屬貨幣作爲裝飾紋樣，以祈願新年的美好。但與璃月不同，第66號星球年節的持續時間更長，有時甚至貫穿整個恆星年。這時間長短取決於「年獸丰度｣，只有丰度成功過峯，這一年纔算正式結束。據「歐科塔維亞」觀察，所謂「年獸」類似某種深淵魔物。而當地使用的圓形方孔錢形式的裝飾，其功用接近璃月的仙家符籙，似乎能驅散被當地人稱爲「黴運」的不詳力量。考慮到這件衣裝的特殊功用,「歐科塔維亞」特意將其納入了自己的見聞中。獲取方式：活動期間，旅行者可以通過「祥應吉星」活動頌願限時獲取相應傳說（5星）裝扮。*奇偶妝容及動作僅供搭配參考，最終請以實機表現爲準。★ 卓越裝扮 | 翩旋舞步以薔薇的紋飾抒寫心意，以合拍的舞步訴說衷腸。但願節日的盛會永不停歇，但願美好的時光永遠停駐。————————獲取方式：活動期間，旅行者可以通過千星商城限時獲取相應卓越（4星）裝扮。*奇偶妝容及動作僅供搭配參考，最終請以實機表現爲準。原神千星奇域丨6.3 新增卓越裝扮★ 卓越裝扮 | 赤丹流雲髮梢宛如火燒雲般熱烈，衣衫的雲紋充滿動感活力，兩者交織，共同演奏潮流的華麗鼓點。————————據說，每當紫黑色的「噩運」褪去時，第66號世界的天空總會頃刻間從陰霾變爲黎明破曉的絢爛景象。丹霞赤紅與舒展雲姿，也因此被視爲這片土地上的吉祥象徵，並被廣泛用於裝飾衣物。因擔憂居民對外來者可能懷有敵意,「歐科塔維亞」遵循這方傳統，設計了包含這些吉祥元素的服飾——「赤丹流雲｣，以期更好地融入當地風土人情。然而，她的服飾因與當地文化的細微差異意外暴露了身份。所幸，她的顧慮未成現實，當地居民以友善的態度接納了她。爲紀念這一段經歷,「赤丹流雲」因而也被她當做前往第66號世界的紀念品之一，並保存了下來。獲取方式：活動期間，旅行者可以通過解鎖「諸界紀遊」或「諸界史詩」獲得相應卓越（4星）裝扮。*奇偶妝容及動作僅供搭配參考，最終請以實機表現爲準。原神千星奇域 免費贈送兩個套裝還是喜歡一個一個發如果還是新的我再更新在這裡18-

好奇那個馬馬是只能男女擇一，還是男女都能領？

那個「或」字讓我覺得好像是只能男女擇一，這種事情不要啊

留起十抽只為現在看到下一個版本(順便測試

看到芙芙和嘉明的影子

那個馬真的有夠鬧 喜歡

該進去遊戲抽了嗎

帶帽人偶空中滑行時更像某人XD

紅線…紅線！https://im.bahamut.com.tw/sticker/733/26.png"
2,【情報】可以用你的角色玩千星奇域了 可以編輯原魔 新關卡素材 未來還會上線語音系統對我最重要的功能終於來了,https://forum.gamer.com.tw/C.php?bsn=36730&snA=44736&tnum=3&bPage=2,"對我最重要的功能終於來了21-

滿命鍾離盾 無敵

掛盾還是能被冰結，結算贏妳一點點輸出力！XD

能不能角色使用原技能，來一場真正的原神格鬥大賽

旅行者+柏凱麗/芭，打不過會永凍 龍芙希特，只有單方面霸凌更本排不到人。

終於可以跟鶯兒來一場雜交性派對了嗎

看了一下 千星奇域還增加內購 原魔設計 體型設計 以及新的關卡資產還提到未來還有語言系統 特效製作 技能編輯 UI優化千星奇域遲早可以弄出角色專屬GalGal遊戲.語音系統花錢找聲優處理比如可以搞 與牛牛共建農場的日常(對 那個牧場物語系列)真正拉長角色價值曲線1-

那一天，人們想起了被巨大丘丘人支配的恐懼

#B1:3911348# 也有反過來支配丘丘王的...雖然實際上不一定是單方面的支配就是了https://i2.bahamut.com.tw/editor/emotion/9.gif https://truth.bahamut.com.tw/s01/202412/1b4cdaf2963096d02df3086cc37d65ff.JPG?w=300

1.5億人次湧入《原神》千星奇域！米哈遊劉偉：未來更開放、更好賺、更好玩當米哈遊《原神》玩家開始親手“造世界”，會發生什麽？答案是：1.5億人次湧入，全球創作者暴增，甚至有人靠創意在海外賺得比國內還多。這就是“千星奇域”——一個由玩家說了算的全新遊戲大陸。“千星奇域”是《原神》於2025年10月推出的UGC（用戶生成內容）玩法。該玩法構建了一個由玩家主導的遊戲世界，創作者通過編輯器“千星沙箱”，可調用《原神》內的海量玩法功能與資產，自主開發各類玩法，自由發揮創意，為玩家提供豐富的遊戲體驗。在近日舉行的《原神》千星奇域首屆創作者交流會上，米哈遊創始人劉偉公布了2026年的重點計劃，將圍繞開放度、收益和生態展開。為此，千星奇域將持續升級編輯器，為創作者提供更強大的生產工具和更自由的創作空間；全面提升商業化模式和激勵政策，鼓勵優質創作通過內容獲得豐厚回報；同時升級宣發與流量支持，讓優秀作品被更多玩家看見。生態密碼：驅動全球創作新生態數據顯示，目前“千星奇域”已吸引全球超過3萬名創作者入駐，創作地圖的累計遊玩人次突破1.5億。依托《原神》的全球用戶基礎，這些作品得以迅速觸達世界玩家，打破地域限制，部分關卡在海外市場的收入甚至超越國內。怎樣的創作才能得到更廣泛的共鳴？個人創作者“線香花火”深耕模擬經營品類，創作了《重建童話鎮》《花店物語》等推薦率超過90%的關卡，她建議創作者找準自身定位並進行縱向深耕。個人創作者“Bluevoid藍須”則分享了《山霧未散》《在門之後》等探索解謎類關卡的設計經驗。她從場景設計與玩法設計兩方面，闡述了如何營造沈浸感、調動玩家好奇心。其作品《山霧未散》以中式民俗微恐題材、沈浸式氛圍營造與本土化敘事設計，成為玩家間自發傳播的標桿。星衡工作室的創作者“保羅”建議在立項階段選擇熟悉的方向，先構建最小可玩循環驗證核心樂趣，再逐步完善內容。該工作室的PVP關卡《格鬥挑戰賽》制作精良，長期位居熱度榜前列。QDG工作室創作者“賈馬爾三世”自2021年起深耕UGC領域，他總結說：創作者應從創作者思維轉向玩家思維，以玩家心態理解需求，以實驗心態驗證方向，以工匠精神打磨細節。值得關注的是，“千星奇域”的創作者中有不少高校學生，他們將該平台視為創意實現的舞台和進入遊戲行業的起點。上海交通大學遊戲開發社團的“Sora”介紹，社團形成了“彈性協作、生態培育、人才傳承”的方法論。在首支團隊成功產出地圖後，由老隊員擔任“導師”，一對一指導新人熟悉工具鏈與協作流程，從而吸引更多同學加入創作。奇妙世界：新功能釋放創作潛力即將於1月14日更新的“月之四”版本，“千星奇域”將迎來“經典模式”，玩家可邀請喜愛的提瓦特大陸角色進入“千星奇域”遊玩；“造物系統”也迎來更新，創作者不再限制使用現成怪物，而是可以輕松做出多種多樣的怪物種類，設計出獨一無二的攻擊方式和機制，從而創造更覆雜、更個性、更具挑戰的精彩關卡。此外，更高自由度的資產方案、特效系統的提升、以及局內語音等板塊的開發也正在逐步落地中，AI輔助工具也已在開發規劃中。創作者收益方面，《原神》已經開展“千星奇域靈感激勵計劃”，該計劃基於奇域遊玩數據為創作者提供收益激勵。2025年12月，《原神》“千星奇域”發放了上線後首個版本的激勵獎金，部分創作者曬出收益，在社交媒體平台獲得熱議。“月之四”版本新的功能模塊“繽紛驚喜禮盒”上線後，部分創作等級較高的奇匠還可以自己設計制作內購內容，並為其定義價格。禮盒的收入，將直接提升奇匠通過“巧思豐裕計劃”獲得的收益。“我們希望通過構建良性的收益體系，鼓勵更多優秀的獨立遊戲制作人或小團隊，在千星奇域的世界中圓夢。”開發團隊表示，“期待在接下來的旅程里，繼續與各位並肩，一起把‘千星奇域’打造成一個真正由玩家創意驅動的奇妙世界。”https://www.shobserver.com/staticsg/res/html/web/newsDetail.html?id=1047188&sid=110-"
2,精華【情報】Q&A集中串，原神的新手須知3994004012021/03/02稍微修改不合時的內容。 最近版上有許多人對原神感興趣，導致有許多新手提出許多關於遊戲的問題，這邊我來統整一下新手常問的問題，並對此作解答，方便新玩家能更容…,https://forum.gamer.com.tw/C.php?bsn=36730&snA=442&tnum=8004&bPage=2,"2021/03/02稍微修改不合時的內容。最近版上有許多人對原神感興趣，導致有許多新手提出許多關於遊戲的問題，這邊我來統整一下新手常問的問題，並對此作解答，方便新玩家能更容易地了解原神這款遊戲。如果有不清楚的問題也可以在留言發問。如果覺得字太多，看紅字重點就好了另外這款遊戲是中國製作的遊戲，我只針對遊戲內容提供問答，不理會政治問題。遊戲基本問答Q：原神是一款甚麼類型的遊戲？A：基本來說是一款類賽爾達荒野之息的開放世界遊戲。有自己獨特的戰鬥系統、背景設定、主線故事，除開放世界的探索模式像賽爾達荒野之息外，已經是一款全新的遊戲了。另外包含了手機遊戲常見的抽卡系統，抽卡內容包含了武器與角色。如果想挑戰最強武器與最速通關副本，才需要去抽卡。基本上靠免費獲取的角色與裝備，已經足夠通關原神的主線劇情與大部分副本，不需要額外課金抽卡。可參考此篇文章，有詳細介紹遊戲的玩法和系統。Q：原神可在那些平台遊玩？A：PC、Android、IOS、PS4、NS。其中PC、Android、IOS可同帳號同存檔，PS4跟NS是獨立帳號，不過都可以連線共鬥。資料來源：https://bbs.mihoyo.com/ys/article/1627797另外PC端的遊戲主體要等原神官網開放下載遊戲程式，而非Steam、Epic、Uplay等遊戲平台。能遊玩的手機型號與電腦需求可參考這篇文：https://forum.gamer.com.tw/C.php?bsn=36730&snA=4229/26更新，國際服伺服器分為美洲、歐洲、亞洲、台港澳服。不同伺服器間角色、資源不共通，你可以用一個帳號在4個伺服器各創造一個角色出來。我個人是會玩亞洲服，可以跟韓國和日本人連線，台港澳服感覺人比較少點...Q：原神的甚麼時候開始公測？A：陸服PC版2020/09/15開始公測，其餘平台與國際服2020/09/28開始公測。陸版9/15只有開放PC版本，手機一樣無法遊玩，另外陸版帳號無法跟國際服共通。15號想玩陸版可參考陸版米哈遊帳號申請教學，取得帳號後就可體驗遊玩。國際服PC、Android、IOS、PS4在2020/09/28開始公測，NS開放時間還未公布。另外說下遊玩陸版可能遇到的狀況(個人推測)，想遊玩陸版請需要心理準備：1.無法課金(可能需要微信之類的) 。2.9/28後國際服開放後也無法跟國外連線(2020年政府法規) 。3.假身分可能導致帳號被消失掉，我相信這邊沒幾個人有真正的大陸身分證字號。Q：原神的操作方式？A：遊玩時只能操作一位角色，隊伍內可設定最多4名角色，可隨時切換隊伍內的角色。但在大地圖戰鬥中和副本裡面時，不能更換隊伍內的角色。Q：原神的收費模式？A：基本遊玩免費，抽角色、武器才需要課金的模式。另外有類似VIP模式的珍珠紀行，購買珍珠紀行可額外獲得部分遊戲獎勵。除基本的課金買石頭外，在三測的時候中國服有推出小月卡(空月祝福)與大月卡(珍珠紀行)，基本上想抽角的平民玩家一定要買小月卡就是了。另外，遊戲開服最好盡早衝主線提升冒險等級到14級，把每日任務開出來，我陸服公測時約花7個小時才練到冒險14等。據多位玩家回應，每日任務的開放與主線有關連，有些玩家冒險等級12就開放每日任務了。少解一天每日任務就是少60原石了。空月祝福(30天)：俗稱小月卡，購買金額170台幣。購買可直接獲得300顆創世結晶，之後每天在獲得90顆原石持續30天，總共可得3000石頭。創世結晶可以1:1的變更成原石。遊戲內160原石或創世結晶為單位是1抽，1600原石可10連抽。珍珠紀行(40天)：俗稱大月卡，需要冒險等級20才可購買。購買金額台幣330元，達到指定條件既可拿到獎勵，想盡量賺資源的玩家就買個大月卡吧。如不購買珍珠紀行，免費玩家也能獲得大地紀行的獎勵。另外一提，珍珠紀行30等的獎勵有獨特四星武器，除購買珍珠紀行的方法以外無法從其他地方獲得，能力值也普遍比其他四星武器強，有能力的話還滿建議購買的。珍珠之歌(40天)：購買金額台幣670元，基本內容與珍珠紀行一樣。有附贈一張特殊名片+塵歌壺用的限定建築(擺設)+五個補體力的樹脂，額外提供10等紀行等級給急需沖等的人使用(最高50等)，基本不推薦購買。Q：原神的卡池有保底嗎？A：有保底。五星保底規則，標準池90抽一定有一張五星裝備或角色，不過完全隨機。限定角色池90抽保底角色，50%機率中當期UP角色，180抽才能必中UP的五星角色。限定武器池80抽保底武器，75%機率中當期UP武器，定軌後240抽才能必中選定的UP五星武器。4星角色則是抽到第二件4星物品就一定有，假如10抽雙4星，第二個就是UP的角色，所以要突破4星角色其實不難。限定角色池出五星只會有角色。限定武器池出五星只會有武器。原神的卡池都是角色混武器的池，10抽保底4星角色或武器。依照公告的字面意思解釋，只要累積到10次抽卡，就算10次單抽也會保底4星角色或武器。(回應[bob810120:即墨瑩梨]的問題)只要抽到兩次4星物品，第二次就一定是UP的角色，歐洲人可以拚單抽節省資源，雖然絕對跟我無緣就是了...另外一提原神160原石抽一次，90抽的石頭量為14400原石，180抽的石頭量為28800原石。事前登入的相遇之緣則是一個就能一抽。160石頭可購買糾纏之緣和相遇之緣，糾纏之緣是抽限定池用的，相遇之緣是抽普通池用的。Q：原神需不需要洗首抽？A：有耐心可刷首抽，公測時開放的新手抽把4、5星武器拿掉，10連一定中3星武器+角色。原神要開放抽卡卡池需要走到蒙德主城，再完成一些主線任務才開放卡池。全力衝刺到主城解任務需要約15~25分鐘才能第一次10抽。只要登錄遊戲就直接送10抽資源；練到冒險等級7會再送1600原石=10抽(約35分鐘，如用星塵直接換抽卡物品，則可在此階段就30抽)；練到冒險10等(約花4小時)再送10抽。(畫線部位為1.0版的公測獎勵，現有的獎勵會略少一些)首抽流程可參考此影片，此影片時間點是1.0版本，現在獎勵可能會略少一些：新手抽可抽的五星角色有琴、迪盧克、七七、莫娜、刻晴。新手池卡池情報Q：原神的連線遊玩模式？A：連線遊玩方式是房間式，可邀請好友加入，或是不設限制讓人亂入，需要冒險等級16等才開放(陸服公測約8.5小時練到冒險16等)。兩人遊玩時一人可選擇兩角操控；三人遊玩時房主可操控兩角，其餘玩家一角；四人遊玩則是每人一支角色。可多人一起在大世界探索，但是除房主外，其餘玩家無法與NPC對話接任務、獲取元素神瞳、開啟寶箱。基本上連線遊玩是攻略平原BOSS、副本關卡、活動關卡用，BOSS級敵人與副本的獎勵是人人都可獲得。Q：遊戲中能免費獲得的角色？A：主角、安柏、凱亞、麗莎、香菱、芭芭拉。主角是登入遊戲就有，安柏、凱亞、麗莎是過主線劇情就會跟著主角行動。香菱獲取管道比較麻煩，需要過深境螺旋的副本(冒險等級20開放)，而且需打到3-3關。如果只靠免費角色，我個人是用40等的風主角跟麗莎就過3-3了。另外，新手優惠抽可必定拿到諾艾爾，大劍角色在採集物品上還滿重要的，推薦抽個諾艾爾回來，之後的全部資源就存到保底(90/180)的量，瞄準你心目中的五星角再梭哈。2020/11/09新增活動，冒險等級達到18等，完成「為了青色的身影」任務後即可獲得芭芭拉。情報來源：原神官方討論區""免費角""裡面建議只練主角、芭芭拉，後期拿到香菱再把香菱練起來。有抽卡池其他角色的話可隨你的喜好練，大部分會比免費角好用主角可利用各地區的七天神像更換七大屬性，後續開放新地圖會有越來越多的屬性可選擇，是CP值最高的角色。不過另外一提，只要主角是岩屬性，在組隊方面就很不受歡迎。因為岩屬性主角的攻擊會產生許多障礙物阻礙同伴行動，中國的測試服玩家表示只要看到使用岩屬性主角就踢出房間，所以岩屬性主角只適合單人遊玩時使用。香菱，元素戰技「鍋巴出擊」8秒內持續輸出傷害。元素爆發「旋火輪」是持續型元素技，兩招切換角色都可持續存在，很適合配合其他角色產生元素反應。芭芭拉，稀有的補血角色，元素戰技「演唱開始」可持續為角色補血，切換角色也可存在，如芭芭拉身上有演唱開始的水圈時，使用普攻或重擊也可額外補充隊伍中成員的血量。元素爆發「閃耀奇蹟」可即時補充隊伍中全員的血量，是最快的大量補血方式。芭芭拉可謂專職的補師，在攻略困難的關卡上帶著她絕對能增加隊伍的存活力。其餘安柏、凱亞就只是解機關跟採集物品用，戰鬥力不算高。當然有愛要練也是可以的，練好操作技術其實人人都能打。Q：原神有推薦課到有的角色嗎？A：目前出的五星角色各有優缺點，在此不做評論。不過會給予參考的管道，請自己找心目中的最佳角色。原神米哈遊WIKI：可參考每隻角色的天賦能力與技能特效。bilibili WIKI：可參考每隻角色的天賦能力與技能特效。1.3版角色定位及推薦排行Q：原神是體力制的手遊？感謝[zxaxesasd:大虎]提問與[tim2212:烈風]的解答A：體力(遊戲內稱原粹樹脂)只用於獲得BOSS獎勵與副本獎勵時消耗。原粹樹脂現實時間8分鐘回1，21小時又20分鐘才能回滿(160)。可用原石(課金石頭)或是脆弱樹脂(活動、升級獎勵、珍珠紀行獲得)來回復，如使用原石回復，一天只能購買六次。購買價格為50>100>100>150>200>200，一天內全部購買需消耗800原石。使用方式為攻略完副本或擊倒BOSS時，要取得獎勵時使用。在普通大地圖上探索，解謎獲得寶箱時不需消耗原粹樹脂。會消耗的關卡為聖遺物、摩拉(遊戲內金錢)、經驗書、突破素材副本，獲得一次獎勵消耗20樹脂。(可利用合成台合成濃縮樹脂減少攻略次數)無相元素系列BOSS，冰火樹BOSS、純水精靈等元素怪，擊倒後可消耗40樹脂獲得一次獎勵。(不可使用濃縮樹脂)風魔龍、北方狼、公子一周只能攻略一次的BOSS，獲得一次獎勵消耗60樹脂。(不可使用濃縮樹脂)遊戲戰鬥系統問答Q：原神的戰鬥系統？A：即時動作戰鬥系統，遊戲基本動作包含了迴避(持續按著變奔跑)、滑翔、攀爬、游泳。戰鬥類動作包含普通攻擊、蓄力攻擊(重擊)、空中落下攻擊、元素戰技、元素爆發。戰鬥動作會受角色武器影響，每個角色擅長的武器不同，大致分為五種，武器包含了單手劍、雙手劍、長柄武器、法器、弓箭。另外在水中不可進行戰鬥動作，落水請盡快上岸-3-Q：原神的元素戰技與元素爆發是？A：元素戰技跟元素爆發是原神核心的戰鬥系統，可以引發元素反應，每隻角色各有一招元素戰技與元素爆發。元素戰技屬於小招，沒有發動條件限制，只是發動後會進入冷卻時間。每隻角色的元素戰技都不太相同，如安柏可召喚兔兔伯爵作誘餌，避免被近身，方便安柏發揮弓箭手的優勢。元素爆發屬於大招，需要存滿元素才可使用，存元素的方法就是盡量攻擊敵人或多用元素戰技獲取元素。元素戰技許多招都屬於延時型技能，放出後可存在場上一段時間，此時可切換角色施放元素戰技/爆發，引發元素反應增加輸出傷害。Q：原神的元素反應是？A：元素反應是不同屬性的招式碰在一起發生的特殊情況，如火+冰可引發融化。之前已有其他玩家專門寫了元素反應的文，詳細內容請轉去那邊觀看吧。元素反應介紹1元素反應介紹2Q：原神的武器類型是？A：原神的武器分五大類，分別是單手劍、雙手劍、長柄武器、法器、弓箭，每一大類都有自己的優缺點。不過角色都綁定武器類型，像主角就永遠只能拿單手劍。單手劍，近戰武器，特點是攻擊速度快通常有五段攻擊，蓄力攻擊通常是連續斬出兩劍。雙手劍，近戰武器，特點是攻擊速度慢，可較容易破壞礦石，蓄力攻擊通常是迴旋斬。為了採集礦石基本上每個隊伍都要有一位大劍手來方便收集素材。長柄武器，近戰武器，特點是攻擊速度快較有機動力，蓄力攻擊通常是包含位移的突刺攻擊。法器，中距離武器，特點是各種元素攻擊(依照角色特性)，通常較能快速獲取元素方便施展元素爆發，蓄力攻擊大部分是中距離範圍攻擊。弓箭，遠距離武器，特點是連射速度快，射程最遠。蓄力攻擊可瞄準敵人弱點部位攻擊，是唯一能針對弱點攻擊的武器。大地圖上也常有許多機關需要弓箭來解除，基本上弓箭角也是隊伍的必備角。Q：原神提高戰鬥力的方法？A：提高戰鬥力的方法有提高角色等級、角色突破、天賦等級提升、獲得新武器、武器強化、武器精煉、獲得新聖遺物、聖遺物強化、元素共鳴等。提高角色等級：使用經驗書提高等級，這是最重要也最簡單的項目。但是資源有限，先練好主要輸出角色最重要。原神這遊戲有等級壓制，如溫迪等級太低就無法用元素爆發吸引住高等怪物。並且等級還會影響元素反應中的劇變反應傷害，如超導、超載、感電等受等級影響非常巨大。1隻80級(80突破)3隻60級(60突破)的隊伍，會比4隻70級(70級無突破)的隊伍還強。如資源不足，且主力輸出不打劇變反應可80等突破，保持80/90等級狀態能點滿技能即可，技能等級滿等比升級81~90等戰力提升更大，只是等級不足，部分控制怪物的技能可能會無法控制高等怪物；輔助角色資源不夠時，60突破開啟第二天賦效果即可，可不練等保持60/70等級的狀態。另外等級上限會受遊戲冒險等級限制，冒險等級不夠高就不可突破。角色突破：需要吃相同的角色來突破，可以開啟命之座，增加角色的被動能力。每隻角色需要突破6次才算突滿，算上本體就是要抽到7隻同樣的。4星角色玩久或許能突破滿，不過5星角色要突滿還滿難的...天賦等級提升：天賦其實就是角色的普通攻擊、元素戰技、元素爆發等攻擊方式和一些被動能力，其中被動能力是不可提升的。普通攻擊、元素戰技、元素爆發都可提升等級，可提高傷害與範圍。獲得新武器：武器分為1~5星，目前五星武器只能從抽卡池獲得，未來不知是否有其他獲得管道。4星武器可靠一週打一次的BOSS，低機率獲取武器原胚來鍛造出來。武器強化：簡單來說就是提高武器等級，需要吃精煉礦石或低等武器來提高經驗。部分等級需要額外的素材來突破等級上限。等級上限會受遊戲冒險等級限制，冒險等級不夠高就不可突破。另外有逆合成，可把前期稍微練過但已不使用的1~2星武器餵給新的武器吃，可繼承經驗值(80%)，三星武器以上皆有特效，推薦保留不要逆合成。武器精煉：簡單來說就是武器突破，需要吃相同的武器提高武器特效。獲得新聖遺物：簡單來說聖遺物就是其他遊戲的防具裝備，聖遺物分為1~5星，獲取管道為遊戲內大地圖寶箱、BOSS掉落、副本掉落。聖遺物分為五個部位，裝備2件、4件同樣字頭的聖遺物可開啟套裝效果。聖遺物沒有突破系統，稀有度越高，可提升等級上限就越高(五星聖遺物可練到20等)，低稀有度聖遺物到後期完全無用。關於聖遺物的詳細介紹，建議新手看看下面這篇文，會對你有很大的幫助：【攻略】新手不懂聖遺物嗎?那你進來看看!聖遺物強化：只能吃低等級聖遺物來獲取經驗。可使用逆合成來節省合成金錢，把前期稍微練過的聖遺物餵給新的聖遺物吃，能繼承經驗值並節省消費金錢，不過會稍微減少一些經驗值，看你要省錢還是要多賺點經驗。元素共鳴：依照組隊的角色會給予不同的組隊特效，如隊伍中有兩隻火系角色即可馬上提高隊伍4名成員攻擊力25%；如隊伍中有兩隻岩系角色時，如身上擁有護盾即可馬上提高隊伍4名成員造成的傷害15%。雙火或雙岩的組隊是最簡單的強化輸出方式。Q：屬性攻擊角色要升攻擊力還是元素精通？[st21709:鬼針草]提問A：影響傷害的能力值有基礎攻擊力跟元素精通。基礎攻擊力影響全部的輸出傷害(特殊角色例外)，不管是近戰武器的物理攻擊還是法器的元素攻擊都會看基礎攻擊力。元素精通是額外增加元素反應的傷害或元素盾的硬度，如沒發生元素反應則完全無用。依據角色產生傷害的方式提高攻擊力或元素精通。EX1：雷澤。主要輸出手段是物理攻擊力，在聖遺物選擇上，除花朵與羽毛詞條固定，其他聖遺物較推薦攻擊力(沙漏)、物理傷害加成(聖杯)、爆擊傷害/爆擊率(頭冠)。EX2：砂糖，主要輸出手段是風與其他元素產生元素反應，命之座與天賦也都是元素精通相關的話，則推薦元素精通裝備。EX3：甘雨，主要輸出手段是瞄準射擊中的蓄力攻擊(重擊)，弓箭角色的蓄力攻擊都是帶屬性的，所以在聖遺物選擇上，除花朵與羽毛詞條固定，其他聖遺物較推薦攻擊力(沙漏)、冰元素傷害加成(聖杯)、爆擊傷害/爆擊率(頭冠)。依[a22773847:策夢侯]要求，新增獲取抽卡資源的管道如何賺取遊戲抽卡資源1.每日任務。解完冒險10等的主線後，會開放每日任務，每日解完任務可獲取60原石。2.深境螺旋。每月1日與16日重置通關8-3後開放的深月螺旋獎勵。深境螺旋在冒險等級20等時開放，入口在馬斯克礁，可經由蒙德誓言岬上空的時空隧道過去。誓言岬時空隧道下有三個小仙靈祭壇，找回三個小仙靈便會產生上升風場。深境螺旋分為兩部分，第一部分為深境回廊，第二部分為淵月螺旋。深境回廊獎勵為一次性的，拿過後不會再重置。達成關卡條件後獲得成就星數，達成一定星數即可拿到獎勵。淵月螺旋需要通關深境回廊8-3關，也就是24個關卡後才會開放。淵月螺旋只有9~12層，獎勵每個月會重置2次。由於難度很高，建議有一定練度再去挑戰。3.商店兌換。遊戲中的商城有塵輝兌換系統，可把抽卡時抽到重覆卡片得到的星塵/輝拿去換取抽卡資源。星輝為抽到重複角色時獲得，星塵為抽到重複武器時獲得。5個星輝能換取一份抽卡的糾纏之緣或是相遇之緣，無交換次數限制。75個星塵(目前40%折扣)能交換5次糾纏之緣與5次相遇之緣，每個月重置次數。4.寶箱。開啟遊戲中各處的寶箱獲取原石，寶箱分為普通、精緻、珍貴、華麗，每種寶箱獲取的原石量不一樣。5.解主線/支線任務。解任務與冒險者見聞可獲取原石。(目前見聞只開到第九章)6.等級提升。冒險等階與紀行等級提升可獲取抽卡資源。紀行分為大地紀行與珍珠紀行，無課只能獲取大地紀行的獎勵。珍珠紀行獎勵需額外購買大月卡才可領取。7.達成成就。完成遊戲內各種成就挑戰可獲取原石。8.官方贈送。依靠遊戲活動與維修補償獲取原石。發家致富全靠維修8.官方討論區簽到。簽到區連結65345

HOT???  我就留著留言，看看這新奇的腦洞會讓大家有甚麼想法WWW

HOT[bob810120:即墨瑩梨]稍微修正一下，看原神抽卡訊息貼出來的字面意思，是10次單抽也有4星物品，所以20次單抽一定有UP角色，算累積次數的。

剛入坑不久，現在才發現這篇，解說好完整，感恩

我手机不好  想来问问如果要让在对话中的普通角色也有表情变化要调那个设定

大月卡還有個128元檔位的，68元的三測是做到25級給自選4星武器，我覺得128元的應該給5星武器吧10-

HOT我覺得不太可能給五星武器吧，要不然卡池的五星武器誰要抽? 當然，如果128元的大月卡真有五星武器就是必買的項目了。

大月卡超級爛，買小月卡就好了

好文必須推開服後我應該會買大月卡吧畢竟先衝等級衝進度最划算8-

朋友推薦先來看這篇 看完真的不錯 至於買那一種月卡要考慮一下 先免費玩 後續應該還是會先買個月卡練等

[coral90893:卡洛兒]沒想到現在會有人回這篇開服文wwwwww 我已經玩了兩年了 給你一點建議 如果要為抽卡而買的話  建議買小月卡(空月祝福)就好  如果要角色成長更快 建議買大月卡/季票(珍珠纪行)

我是先從小月卡玩起

我個人覺得先小月卡就好,之後再考慮大月卡!

請問這遊戲的肝度高嗎？與崩3相比起來如何呢？有沒有很休閒護肝的玩法？5-

HOT光這點我就覺得原神做得很好  原神真的甚麼都好  就是那個0.6%真的坑...

HOT[bmw910077:くまくま]基本上不可能沒事做，主線會一直開。看看FGO用主線就稱了快5年了

我是覺得這遊戲兩者都不是  想到就上線玩 而且也不會動不動就有課金視窗跳出來誘惑你

請問我要註冊一直說郵箱不符合規範, 怎麼解決

請問有人的mihoyo帳號不見嗎？在2、3個月前發現跟崩崩崩不互通後有辦了一次，但結果今天看到活動要登入卻說帳號未註冊？4-

你之前辦的是陸服的帳號嗎？陸服跟國際服的米哈遊帳號是不共通的。

[shengbanglin:風鳴音] 不是，我當初進去看的是繁體字，剛剛再進一次陸服官網確認後也的確不是

[YuchenJimmy:宥榛]你是用推特或是FB登入?還是直接申請米哈遊帳號?

申請米哈遊帳號的話再用同樣帳號去申請看看，如有人用過的話再用追回密碼找回帳號。

請問15號已經從官方下載pc版 然後28號國際服還要下載多一次嗎？1-

請問知道新的抽卡池什麼時候開放嗎?混池好像太坑感謝回答!4-

Pick UP 池28號開放

在google play事前登錄，在pc上有算嗎？0-

https://genshin.mihoyo.com/pre-register/  如果是指官網的這個事前登錄的話，建議還是填一下手機號碼比較好，因為我也不確定它會是寄簡訊過來還是全服發放"
2,"【問題】回鍋抽卡規劃&建議先上圖, 名字有綠線的是帶專武 5.3抽火神2+1沉船後加上生活忙開始淡坑,帳號就丟給朋友幫我接管 一直斷斷續續被朋友慫恿上線抽角色,然後他幫我練 直到最近比較閒可以接手回帳號,…",https://forum.gamer.com.tw/C.php?bsn=36730&snA=44797&tnum=1&bPage=2,"先上圖, 名字有綠線的是帶專武5.3抽火神2+1沉船後加上生活忙開始淡坑,帳號就丟給朋友幫我接管一直斷斷續續被朋友慫恿上線抽角色,然後他幫我練直到最近比較閒可以接手回帳號,屯起來的石頭加上把以前沒肝的地圖全肝完後保守估計能有約400多抽,確定會抽少女後,就有了以下的幾種抽卡方向1.猜測火神大約2-3個月後復刻,加上首儲再屯幾個月應該能拿下6+1 (純強度沒有xp考量)2.同樣是火神1+0補到6+1那等恰斯卡6+1好像也是一個不錯的選擇,畢竟還能帶幻境 (同樣沒xp考量 純強度)3.把金數全打散到新的月體系我的奈芙爾隊伍用起來手感真的很差 (也可能是操作菜的問題), 所以不太想再投資了,頂多補1命鹿月感電看別的抽卡建議月感電是月體系中最舒適的,不過傷害不確定是否滿意月結晶雖然還沒出來,但鑑於岩隊是萬年陷阱,暫時不太看好...不考慮xp 完全強度黨,請問一下大家會怎麼選或者有沒有別的高命/滿命角色推荐1-

你這個號就是照小燈講的那樣規劃,2+1火神還是蠻保值的,用到至冬結束都還能上去打的那種,芙芙現在補命座太晚了,00拿西風確保大招循環就能發揮他最大用處

至於未來的角色,你沒抽杜林就可以先暫時不用理未來的魔導隊,但是.6或.7的角色還是需要注意,反正現在還不急,多存一點資源等到時候的創體服就可以知道要怎麼抽

另外我會建議你可以抽1隻00伊涅芙,功能性很強,無論是生存用還是解機制用都有很好的發揮

火2 鹿2 愛1"
